/*M!999999\- enable the sandbox mode */ 
-- MariaDB dump 10.19-12.3.2-MariaDB, for debian-linux-gnu (x86_64)
--
-- Host: localhost    Database: Data_Warehouse
-- ------------------------------------------------------
-- Server version	12.3.2-MariaDB-ubu2404

/*!40101 SET @OLD_CHARACTER_SET_CLIENT=@@CHARACTER_SET_CLIENT */;
/*!40101 SET @OLD_CHARACTER_SET_RESULTS=@@CHARACTER_SET_RESULTS */;
/*!40101 SET @OLD_COLLATION_CONNECTION=@@COLLATION_CONNECTION */;
/*!40101 SET NAMES utf8mb4 */;
/*!40103 SET @OLD_TIME_ZONE=@@TIME_ZONE */;
/*!40103 SET TIME_ZONE='+00:00' */;
/*!40014 SET @OLD_UNIQUE_CHECKS=@@UNIQUE_CHECKS, UNIQUE_CHECKS=0 */;
/*!40014 SET @OLD_FOREIGN_KEY_CHECKS=@@FOREIGN_KEY_CHECKS, FOREIGN_KEY_CHECKS=0 */;
/*!40101 SET @OLD_SQL_MODE=@@SQL_MODE, SQL_MODE='NO_AUTO_VALUE_ON_ZERO' */;
/*M!100616 SET @OLD_NOTE_VERBOSITY=@@NOTE_VERBOSITY, NOTE_VERBOSITY=0 */;

--
-- Table structure for table `Indikator_Benua`
--

DROP TABLE IF EXISTS `Indikator_Benua`;
/*!40101 SET @saved_cs_client     = @@character_set_client */;
/*!40101 SET character_set_client = utf8mb4 */;
CREATE TABLE `Indikator_Benua` (
  `nama_benua` varchar(100) NOT NULL,
  `tahun` smallint(6) NOT NULL,
  `jumlah_negara_gdp` int(11) DEFAULT NULL,
  `total_gdp` bigint(20) DEFAULT NULL,
  `gdp_per_capita` decimal(14,2) DEFAULT NULL,
  `jumlah_negara_populasi` int(11) DEFAULT NULL,
  `total_populasi` bigint(20) DEFAULT NULL,
  `jumlah_negara_co2` int(11) DEFAULT NULL,
  `total_emisi_co2` bigint(20) DEFAULT NULL,
  `co2_per_capita` decimal(10,4) DEFAULT NULL,
  `created_at` timestamp NULL DEFAULT current_timestamp(),
  `updated_at` timestamp NULL DEFAULT current_timestamp() ON UPDATE current_timestamp(),
  PRIMARY KEY (`nama_benua`,`tahun`),
  KEY `tahun` (`tahun`),
  CONSTRAINT `1` FOREIGN KEY (`tahun`) REFERENCES `Tahun` (`tahun`)
) ENGINE=InnoDB DEFAULT CHARSET=utf8mb4 COLLATE=utf8mb4_uca1400_ai_ci;
/*!40101 SET character_set_client = @saved_cs_client */;

--
-- Dumping data for table `Indikator_Benua`
--

SET @OLD_AUTOCOMMIT=@@AUTOCOMMIT, @@AUTOCOMMIT=0;
LOCK TABLES `Indikator_Benua` WRITE;
/*!40000 ALTER TABLE `Indikator_Benua` DISABLE KEYS */;
INSERT INTO `Indikator_Benua` VALUES
('Africa',2024,54,2797750772336,2768.70,54,1513340011,53,1541406190,1.2419,'2026-07-22 14:33:16','2026-07-22 14:33:16'),
('Asia',2024,51,40515909644198,17182.88,51,4806898006,50,24254955853,7.0178,'2026-07-22 14:33:16','2026-07-22 14:33:16'),
('Europe',2024,45,27148598483697,51519.49,45,743191086,38,5046498835,5.4368,'2026-07-22 14:33:16','2026-07-22 14:33:16'),
('Latin America and the Caribbean',2024,44,7125070376214,19592.43,44,662393847,40,1773938428,3.2795,'2026-07-22 14:33:16','2026-07-22 14:33:16'),
('Northern America',2024,4,31438449975144,84381.75,4,385289477,4,5210998917,10.8350,'2026-07-22 14:33:16','2026-07-22 14:33:16'),
('Oceania',2024,20,2082827745648,17904.90,20,46073113,13,430929551,9.0508,'2026-07-22 14:33:16','2026-07-22 14:33:16');
/*!40000 ALTER TABLE `Indikator_Benua` ENABLE KEYS */;
UNLOCK TABLES;
COMMIT;
SET AUTOCOMMIT=@OLD_AUTOCOMMIT;

--
-- Table structure for table `Indikator_Negara`
--

DROP TABLE IF EXISTS `Indikator_Negara`;
/*!40101 SET @saved_cs_client     = @@character_set_client */;
/*!40101 SET character_set_client = utf8mb4 */;
CREATE TABLE `Indikator_Negara` (
  `id_negara` smallint(6) NOT NULL,
  `tahun` smallint(6) NOT NULL,
  `jenis_kategori_ekonomi` varchar(500) DEFAULT NULL,
  `nilai_gdp` bigint(20) DEFAULT NULL,
  `gdp_per_capita` int(11) DEFAULT NULL,
  `persentase_gdp_dunia` decimal(10,7) DEFAULT NULL,
  `rank_gdp` smallint(6) DEFAULT NULL,
  `jumlah_populasi` bigint(20) DEFAULT NULL,
  `kepadatan_penduduk` smallint(6) DEFAULT NULL,
  `persentase_penduduk_urban` decimal(5,2) DEFAULT NULL,
  `usia_median` decimal(4,2) DEFAULT NULL,
  `tingkat_fertilitas` decimal(4,2) DEFAULT NULL,
  `rank_populasi` smallint(6) DEFAULT NULL,
  `emisi_co2` bigint(20) DEFAULT NULL,
  `emisi_co2_per_capita` decimal(5,2) DEFAULT NULL,
  `rank_co2` smallint(6) DEFAULT NULL,
  `konsumsi_energi_total` bigint(20) DEFAULT NULL,
  `konsumsi_energi_per_capita` int(11) DEFAULT NULL,
  `rank_energi` smallint(6) DEFAULT NULL,
  `created_at` timestamp NULL DEFAULT current_timestamp(),
  `updated_at` timestamp NULL DEFAULT current_timestamp() ON UPDATE current_timestamp(),
  PRIMARY KEY (`id_negara`,`tahun`),
  KEY `tahun` (`tahun`),
  CONSTRAINT `1` FOREIGN KEY (`id_negara`) REFERENCES `Negara` (`id_negara`),
  CONSTRAINT `2` FOREIGN KEY (`tahun`) REFERENCES `Tahun` (`tahun`)
) ENGINE=InnoDB DEFAULT CHARSET=utf8mb4 COLLATE=utf8mb4_uca1400_ai_ci;
/*!40101 SET character_set_client = @saved_cs_client */;

--
-- Dumping data for table `Indikator_Negara`
--

SET @OLD_AUTOCOMMIT=@@AUTOCOMMIT, @@AUTOCOMMIT=0;
LOCK TABLES `Indikator_Negara` WRITE;
/*!40000 ALTER TABLE `Indikator_Negara` DISABLE KEYS */;
INSERT INTO `Indikator_Negara` VALUES
(1,2024,'Low Income',17817000000,418,0.0200000,136,42647492,65,26.50,17.10,4.76,36,12068415,0.29,104,NULL,NULL,NULL,'2026-07-22 14:33:16','2026-07-22 14:33:16'),
(2,2024,'Upper middle income',27177735528,10012,0.0200000,115,2791765,102,69.00,36.70,1.34,144,4243706,1.44,142,NULL,NULL,NULL,'2026-07-22 14:33:16','2026-07-22 14:33:16'),
(3,2024,'Upper middle income',263619794507,5631,0.2400000,52,46814308,20,74.00,28.40,2.72,32,186358382,4.07,31,NULL,NULL,NULL,'2026-07-22 14:33:16','2026-07-22 14:33:16'),
(4,2024,'High income',871000000,18017,0.0008500,205,46765,234,NULL,28.70,2.27,210,NULL,NULL,NULL,NULL,NULL,NULL,'2026-07-22 14:33:16','2026-07-22 14:33:16'),
(5,2024,'High income',4039844390,49304,0.0036000,176,81938,174,83.20,43.50,1.09,201,NULL,NULL,NULL,NULL,NULL,NULL,'2026-07-22 14:33:16','2026-07-22 14:33:16'),
(6,2024,'Lower middle income',80396942242,2122,0.0700000,83,37885849,30,68.10,16.50,5.05,39,28100364,0.75,77,NULL,NULL,NULL,'2026-07-22 14:33:16','2026-07-22 14:33:16'),
(7,2024,'High income',415735284,28850,0.0003900,211,14598,162,NULL,38.30,1.36,222,22769,1.42,204,NULL,NULL,NULL,'2026-07-22 14:33:16','2026-07-22 14:33:16'),
(8,2024,'High income',2224814815,23726,0.0020000,188,93772,213,28.30,35.90,1.58,199,356187,3.24,184,NULL,NULL,NULL,'2026-07-22 14:33:16','2026-07-22 14:33:16'),
(9,2024,'Upper middle income',633266692534,13858,0.5700000,24,45696159,17,95.40,32.50,1.50,35,183271991,3.89,32,NULL,NULL,NULL,'2026-07-22 14:33:16','2026-07-22 14:33:16'),
(10,2024,'Upper middle income',25786585950,8501,0.0200000,119,2973840,104,63.10,36.10,1.72,140,7493590,2.55,122,NULL,NULL,NULL,'2026-07-22 14:33:16','2026-07-22 14:33:16'),
(11,2024,'High income',4285000000,39262,0.0038000,174,108066,600,44.40,41.30,1.61,196,555961,5.15,178,NULL,NULL,NULL,'2026-07-22 14:33:16','2026-07-22 14:33:16'),
(12,2024,'High income',1752193307380,64407,1.5700000,14,26713205,3,86.30,38.00,1.64,55,383403111,14.43,17,NULL,NULL,NULL,'2026-07-22 14:33:16','2026-07-22 14:33:16'),
(13,2024,'High income',521642466922,56833,0.4700000,31,9120813,111,58.10,43.40,1.32,99,58030404,6.55,54,NULL,NULL,NULL,'2026-07-22 14:33:16','2026-07-22 14:33:16'),
(14,2024,'Upper middle income',74315882353,7284,0.0700000,86,10336577,125,58.30,33.10,1.67,93,38887499,3.75,61,NULL,NULL,NULL,'2026-07-22 14:33:16','2026-07-22 14:33:16'),
(15,2024,'High income',15832800000,39455,0.0100000,142,401283,40,88.00,35.00,1.37,177,1459225,3.47,161,NULL,NULL,NULL,'2026-07-22 14:33:16','2026-07-22 14:33:16'),
(16,2024,'High income',47736702128,30048,0.0400000,98,1607049,2115,NULL,33.20,1.80,153,37969166,20.70,62,NULL,NULL,NULL,'2026-07-22 14:33:16','2026-07-22 14:33:16'),
(17,2024,'Lower middle income',450119424622,2593,0.4000000,35,173562364,1333,42.00,25.70,2.14,8,124190733,0.70,37,NULL,NULL,NULL,'2026-07-22 14:33:16','2026-07-22 14:33:16'),
(18,2024,'High income',7165000000,25366,0.0064000,163,282467,657,32.30,39.20,1.71,186,712786,2.47,173,NULL,NULL,NULL,'2026-07-22 14:33:16','2026-07-22 14:33:16'),
(19,2024,'Upper middle income',75961865472,8317,0.0700000,85,9056696,45,83.60,40.90,1.22,102,54215798,5.81,56,NULL,NULL,NULL,'2026-07-22 14:33:16','2026-07-22 14:33:16'),
(20,2024,'High income',664564181487,55955,0.6000000,23,11738763,388,98.60,41.70,1.38,83,86646316,7.35,44,NULL,NULL,NULL,'2026-07-22 14:33:16','2026-07-22 14:33:16'),
(21,2024,'Upper middle income',3515783329,8430,0.0032000,178,417072,18,48.20,26.40,2.02,176,388943,0.91,182,NULL,NULL,NULL,'2026-07-22 14:33:16','2026-07-22 14:33:16'),
(22,2024,'Lower middle income',21482643720,1485,0.0200000,127,14462724,128,47.20,17.90,4.48,76,7048076,0.52,127,NULL,NULL,NULL,'2026-07-22 14:33:16','2026-07-22 14:33:16'),
(23,2024,'High income',8980200000,138935,0.0081000,157,64636,1293,93.10,45.60,1.41,205,267316,4.46,192,NULL,NULL,NULL,'2026-07-22 14:33:16','2026-07-22 14:33:16'),
(24,2024,'Lower middle income',3147000000,3989,0.0028000,181,791524,21,49.50,29.90,1.45,166,1591896,1.83,157,NULL,NULL,NULL,'2026-07-22 14:33:16','2026-07-22 14:33:16'),
(25,2024,'Lower middle income',49668296744,4001,0.0400000,97,12413315,11,70.30,24.90,2.52,79,28435622,2.33,76,NULL,NULL,NULL,'2026-07-22 14:33:16','2026-07-22 14:33:16'),
(26,2024,'Upper middle income',28343394203,8957,0.0300000,114,3164253,62,55.50,45.30,1.49,138,20407390,5.89,89,NULL,NULL,NULL,'2026-07-22 14:33:16','2026-07-22 14:33:16'),
(27,2024,'Upper middle income',19400774882,7695,0.0200000,134,2521139,4,75.10,23.20,2.70,146,6901601,2.68,128,NULL,NULL,NULL,'2026-07-22 14:33:16','2026-07-22 14:33:16'),
(28,2024,'Upper middle income',2179412080829,10280,1.9600000,10,211998573,25,91.00,34.40,1.61,7,491468781,2.24,12,NULL,NULL,NULL,'2026-07-22 14:33:16','2026-07-22 14:33:16'),
(29,2024,'High income',1505856107,38627,0.0014000,198,39471,263,43.00,38.00,1.05,215,91810,2.70,200,NULL,NULL,NULL,'2026-07-22 14:33:16','2026-07-22 14:33:16'),
(30,2024,'High income',15463134387,33418,0.0100000,144,462721,88,79.70,32.20,1.73,175,9366689,20.19,114,NULL,NULL,NULL,'2026-07-22 14:33:16','2026-07-22 14:33:16'),
(31,2024,'High income',112211952704,17412,0.1000000,71,6757689,62,76.90,44.50,1.75,110,34188472,5.07,67,NULL,NULL,NULL,'2026-07-22 14:33:16','2026-07-22 14:33:16'),
(32,2024,'Low Income',23250214910,987,0.0200000,125,23548781,86,32.90,17.50,4.11,59,6475687,0.28,130,NULL,NULL,NULL,'2026-07-22 14:33:16','2026-07-22 14:33:16'),
(33,2024,'Low Income',2162378759,154,0.0019000,190,14047786,547,14.50,16.10,4.79,78,968739,0.07,167,NULL,NULL,NULL,'2026-07-22 14:33:16','2026-07-22 14:33:16'),
(34,2024,'Upper middle income',2767599017,5273,0.0025000,182,524877,130,77.60,28.40,1.51,174,676218,1.14,175,NULL,NULL,NULL,'2026-07-22 14:33:16','2026-07-22 14:33:16'),
(35,2024,'Lower middle income',46352647035,2628,0.0400000,100,17638801,100,26.00,26.00,2.55,73,19439220,1.10,91,NULL,NULL,NULL,'2026-07-22 14:33:16','2026-07-22 14:33:16'),
(36,2024,'Lower middle income',51326764685,1762,0.0500000,94,29123744,62,58.90,17.90,4.26,51,10292889,0.36,110,NULL,NULL,NULL,'2026-07-22 14:33:16','2026-07-22 14:33:16'),
(37,2024,'High income',2241253230970,54283,2.0100000,9,39742430,4,80.20,40.50,1.34,38,577972624,14.87,11,NULL,NULL,NULL,'2026-07-22 14:33:16','2026-07-22 14:33:16'),
(39,2024,'High income',7139428558,97750,0.0067000,164,74457,310,89.80,38.30,1.52,203,372018,5.55,183,NULL,NULL,NULL,'2026-07-22 14:33:16','2026-07-22 14:33:16'),
(40,2024,'Low Income',2751544520,516,0.0025000,183,5330690,9,44.40,14.40,5.95,118,337407,0.06,187,NULL,NULL,NULL,'2026-07-22 14:33:16','2026-07-22 14:33:16'),
(41,2024,'Low Income',20625711665,1016,0.0200000,129,20299123,16,22.20,15.70,6.03,64,2892773,0.16,148,NULL,NULL,NULL,'2026-07-22 14:33:16','2026-07-22 14:33:16'),
(42,2024,'High income',330267137372,16710,0.3000000,46,19764771,27,84.60,36.40,1.14,67,77822575,4.10,46,NULL,NULL,NULL,'2026-07-22 14:33:16','2026-07-22 14:33:16'),
(43,2024,'Upper middle income',18743803170827,13303,16.8500000,2,1419321278,151,66.40,39.60,1.01,2,13124727993,9.13,1,NULL,NULL,NULL,'2026-07-22 14:33:16','2026-07-22 14:33:16'),
(44,2024,'Upper middle income',418542042920,7914,0.3800000,39,52886363,48,80.60,32.00,1.63,28,95079303,1.84,43,NULL,NULL,NULL,'2026-07-22 14:33:16','2026-07-22 14:33:16'),
(45,2024,'Lower middle income',1546164420,1784,0.0014000,197,866628,466,33.20,20.50,3.82,162,446267,0.47,180,NULL,NULL,NULL,'2026-07-22 14:33:16','2026-07-22 14:33:16'),
(46,2024,'Lower middle income',15719985776,2482,0.0100000,143,6332961,19,69.20,18.40,4.11,112,8456802,1.34,116,NULL,NULL,NULL,'2026-07-22 14:33:16','2026-07-22 14:33:16'),
(47,2024,'High income',366211548,25750,0.0003500,212,13729,57,98.30,36.10,2.02,223,100488,5.91,199,NULL,NULL,NULL,'2026-07-22 14:33:16','2026-07-22 14:33:16'),
(48,2024,'High income',95350423177,18587,0.0900000,74,5129910,100,84.50,34.60,1.32,127,8376338,1.61,117,NULL,NULL,NULL,'2026-07-22 14:33:16','2026-07-22 14:33:16'),
(49,2024,'High income',92526176109,23931,0.0800000,76,3875325,69,61.20,45.00,1.47,130,18679585,4.64,94,NULL,NULL,NULL,'2026-07-22 14:33:16','2026-07-22 14:33:16'),
(50,2024,'High income',201985998168,18329,0.1900000,57,10979783,103,81.40,41.90,1.45,90,21004155,1.82,88,NULL,NULL,NULL,'2026-07-22 14:33:16','2026-07-22 14:33:16'),
(51,2024,'High income',3281419347,21062,0.0031000,180,185482,418,80.30,38.50,1.07,189,2394239,14.34,152,NULL,NULL,NULL,'2026-07-22 14:33:16','2026-07-22 14:33:16'),
(52,2024,'High income',36333022329,38654,0.0300000,107,1358282,147,61.20,38.20,1.38,156,7341094,5.92,124,NULL,NULL,NULL,'2026-07-22 14:33:16','2026-07-22 14:33:16'),
(53,2024,'High income',345036675975,31707,0.3100000,45,10735859,139,73.90,43.20,1.46,92,77749164,7.32,47,NULL,NULL,NULL,'2026-07-22 14:33:16','2026-07-22 14:33:16'),
(54,2024,'Lower middle income',86538413923,2710,0.0800000,78,31934230,100,48.50,18.20,4.23,50,18810952,0.65,93,NULL,NULL,NULL,'2026-07-22 14:33:16','2026-07-22 14:33:16'),
(55,2024,'Low Income',70749355652,647,0.0600000,89,109276265,48,44.50,15.80,5.98,15,6209636,0.06,131,NULL,NULL,NULL,'2026-07-22 14:33:16','2026-07-22 14:33:16'),
(56,2024,'High income',429457372072,71852,0.3900000,37,5977412,141,87.30,41.30,1.52,114,25570825,4.34,81,NULL,NULL,NULL,'2026-07-22 14:33:16','2026-07-22 14:33:16'),
(57,2024,'Lower middle income',4086402719,3496,0.0037000,175,1168722,50,71.10,24.70,2.62,160,894666,0.85,168,NULL,NULL,NULL,'2026-07-22 14:33:16','2026-07-22 14:33:16'),
(58,2024,'Upper middle income',688881481,10405,0.0006200,207,66205,88,83.40,35.90,1.48,204,84250,1.11,201,NULL,NULL,NULL,'2026-07-22 14:33:16','2026-07-22 14:33:16'),
(59,2024,'Upper middle income',124282245639,10876,0.1100000,67,11427557,236,85.80,28.00,2.22,84,34222495,2.97,66,NULL,NULL,NULL,'2026-07-22 14:33:16','2026-07-22 14:33:16'),
(60,2024,'Upper middle income',124676074700,6875,0.1100000,65,18135478,73,65.50,28.80,1.81,72,47963814,2.63,58,NULL,NULL,NULL,'2026-07-22 14:33:16','2026-07-22 14:33:16'),
(61,2024,'Lower middle income',389059911004,3338,0.3500000,42,116538258,117,40.80,24.30,2.73,13,291638583,2.66,21,NULL,NULL,NULL,'2026-07-22 14:33:16','2026-07-22 14:33:16'),
(62,2024,'Upper middle income',35364960000,5580,0.0300000,108,6338193,306,79.20,27.40,1.77,113,9543361,1.44,113,NULL,NULL,NULL,'2026-07-22 14:33:16','2026-07-22 14:33:16'),
(63,2024,'Upper middle income',12765777677,6745,0.0100000,150,1892516,67,62.90,20.90,4.12,150,4826905,3.03,138,NULL,NULL,NULL,'2026-07-22 14:33:16','2026-07-22 14:33:16'),
(64,2024,'Low Income',2275290216,656,0.0021000,186,3535603,35,73.60,18.90,3.68,132,777977,0.13,172,NULL,NULL,NULL,'2026-07-22 14:33:16','2026-07-22 14:33:16'),
(65,2024,'High income',42764929169,31170,0.0400000,105,1360546,32,66.10,42.30,1.36,157,10648547,8.29,108,NULL,NULL,NULL,'2026-07-22 14:33:16','2026-07-22 14:33:16'),
(66,2024,'Lower middle income',4891883720,3936,0.0044000,169,1242822,72,30.80,22.20,2.72,158,1094137,0.71,163,NULL,NULL,NULL,'2026-07-22 14:33:16','2026-07-22 14:33:16'),
(67,2024,'Lower middle income',142073000000,1311,0.1300000,62,132059767,132,22.10,18.90,3.91,10,19364847,0.16,92,NULL,NULL,NULL,'2026-07-22 14:33:16','2026-07-22 14:33:16'),
(68,2024,'High income',3907323961,71774,0.0037000,177,55400,40,39.60,37.10,2.22,206,2139,0.04,207,NULL,NULL,NULL,'2026-07-22 14:33:16','2026-07-22 14:33:16'),
(70,2024,'Upper middle income',5840564073,6288,0.0052000,168,928784,51,60.30,27.90,2.27,161,1506671,1.59,158,NULL,NULL,NULL,'2026-07-22 14:33:16','2026-07-22 14:33:16'),
(71,2024,'High income',299835625551,53189,0.2700000,48,5617310,18,86.40,43.00,1.29,122,31107444,5.50,74,NULL,NULL,NULL,'2026-07-22 14:33:16','2026-07-22 14:33:16'),
(72,2024,'High income',3162079073496,46150,2.8400000,7,66548530,122,82.10,42.10,1.64,23,274450524,4.12,25,NULL,NULL,NULL,'2026-07-22 14:33:16','2026-07-22 14:33:16'),
(74,2024,'High income',6402221222,22774,0.0060000,167,281807,77,65.60,35.40,1.49,185,973893,3.29,166,NULL,NULL,NULL,'2026-07-22 14:33:16','2026-07-22 14:33:16'),
(75,2024,'Upper middle income',20867044936,8219,0.0200000,128,2538952,10,83.70,21.50,3.59,145,5198527,2.23,135,NULL,NULL,NULL,'2026-07-22 14:33:16','2026-07-22 14:33:16'),
(76,2024,'Low Income',2507519958,909,0.0023000,185,2759988,273,60.50,18.40,3.91,141,492293,0.19,179,NULL,NULL,NULL,'2026-07-22 14:33:16','2026-07-22 14:33:16'),
(77,2024,'Upper middle income',33776141251,9194,0.0300000,109,3807670,55,61.80,37.00,1.80,131,13467408,3.50,98,NULL,NULL,NULL,'2026-07-22 14:33:16','2026-07-22 14:33:16'),
(78,2024,'High income',4659929336891,55800,4.1900000,3,84552242,243,76.00,45.30,1.45,19,579935607,7.03,10,NULL,NULL,NULL,'2026-07-22 14:33:16','2026-07-22 14:33:16'),
(79,2024,'Lower middle income',82825288889,2406,0.0700000,81,34427414,151,57.90,21.10,3.34,46,24171006,0.73,82,NULL,NULL,NULL,'2026-07-22 14:33:16','2026-07-22 14:33:16'),
(81,2024,'High income',257144811302,24752,0.2300000,54,10047817,78,88.50,46.30,1.34,96,52508701,4.78,57,NULL,NULL,NULL,'2026-07-22 14:33:16','2026-07-22 14:33:16'),
(82,2024,'High income',3326544174,58499,0.0031000,179,55840,0,90.30,34.60,1.93,207,594101,10.42,177,NULL,NULL,NULL,'2026-07-22 14:33:16','2026-07-22 14:33:16'),
(83,2024,'Upper middle income',1391435993,11872,0.0013000,199,117207,345,35.30,33.90,1.47,194,175909,1.58,194,NULL,NULL,NULL,'2026-07-22 14:33:16','2026-07-22 14:33:16'),
(85,2024,'High income',6910000000,41833,0.0067000,166,167777,311,98.80,31.30,2.75,191,NULL,NULL,NULL,NULL,NULL,NULL,'2026-07-22 14:33:16','2026-07-22 14:33:16'),
(86,2024,'Upper middle income',113199586004,6150,0.1000000,70,18406359,172,56.00,23.00,2.29,69,20369356,1.06,90,NULL,NULL,NULL,'2026-07-22 14:33:16','2026-07-22 14:33:16'),
(87,2024,'Lower middle income',25334307879,1717,0.0200000,120,14754785,60,39.70,18.10,4.13,75,5205403,0.34,134,NULL,NULL,NULL,'2026-07-22 14:33:16','2026-07-22 14:33:16'),
(88,2024,'Low Income',2119865935,963,0.0019000,191,2201352,78,45.70,19.20,3.76,148,342161,0.16,186,NULL,NULL,NULL,'2026-07-22 14:33:16','2026-07-22 14:33:16'),
(89,2024,'High income',24835899826,29884,0.0200000,122,831087,4,26.50,25.90,2.40,165,3788603,4.70,143,NULL,NULL,NULL,'2026-07-22 14:33:16','2026-07-22 14:33:16'),
(90,2024,'Lower middle income',25224154991,2143,0.0200000,121,11772557,427,61.00,23.80,2.63,82,3513798,0.30,145,NULL,NULL,NULL,'2026-07-22 14:33:16','2026-07-22 14:33:16'),
(92,2024,'Lower middle income',37093565854,3426,0.0300000,106,10825703,97,57.90,23.90,2.48,87,12292756,1.19,103,NULL,NULL,NULL,'2026-07-22 14:33:16','2026-07-22 14:33:16'),
(93,2024,'High income',407106738445,54107,0.3700000,40,7414909,7062,NULL,46.80,0.73,107,34616164,4.48,65,NULL,NULL,NULL,'2026-07-22 14:33:16','2026-07-22 14:33:16'),
(94,2024,'High income',222904723252,23311,0.2000000,55,9676135,107,71.70,43.60,1.49,98,42626871,4.50,59,NULL,NULL,NULL,'2026-07-22 14:33:16','2026-07-22 14:33:16'),
(95,2024,'High income',33462807983,82704,0.0300000,110,393396,4,84.40,36.00,1.52,178,3292971,9.33,146,NULL,NULL,NULL,'2026-07-22 14:33:16','2026-07-22 14:33:16'),
(96,2024,'Lower middle income',3912686168582,2697,3.5200000,5,1450935791,488,36.60,28.40,1.96,1,3153829130,2.19,3,NULL,NULL,NULL,'2026-07-22 14:33:16','2026-07-22 14:33:16'),
(97,2024,'Upper middle income',1396300098191,4925,1.2600000,16,283487931,156,59.00,30.10,2.12,4,812204159,2.88,7,NULL,NULL,NULL,'2026-07-22 14:33:16','2026-07-22 14:33:16'),
(98,2024,'Upper middle income',436906331672,4771,0.3900000,36,91567738,56,73.10,33.40,1.68,17,828989585,9.62,6,NULL,NULL,NULL,'2026-07-22 14:33:16','2026-07-22 14:33:16'),
(99,2024,'Upper middle income',279641257615,6074,0.2500000,51,46042015,106,71.80,20.60,3.22,33,238670397,5.19,27,NULL,NULL,NULL,'2026-07-22 14:33:16','2026-07-22 14:33:16'),
(100,2024,'High income',577389475010,107316,0.5200000,26,5255017,76,62.00,38.70,1.60,125,32569284,6.47,69,NULL,NULL,NULL,'2026-07-22 14:33:16','2026-07-22 14:33:16'),
(101,2024,'High income',7431257411,88329,0.0073000,162,84160,148,56.10,45.90,1.54,200,NULL,NULL,NULL,NULL,NULL,NULL,'2026-07-22 14:33:16','2026-07-22 14:33:16'),
(102,2024,'High income',540379921262,54177,0.4900000,28,9387021,434,91.30,29.20,2.79,97,57665413,3.82,55,NULL,NULL,NULL,'2026-07-22 14:33:16','2026-07-22 14:33:16'),
(103,2024,'High income',2372774547793,40226,2.1300000,8,59342867,202,71.50,47.80,1.21,25,299228526,5.10,18,NULL,NULL,NULL,'2026-07-22 14:33:16','2026-07-22 14:33:16'),
(104,2024,'Upper middle income',19930288337,7020,0.0200000,131,2839175,262,59.60,32.20,1.35,142,8074048,2.75,120,NULL,NULL,NULL,'2026-07-22 14:33:16','2026-07-22 14:33:16'),
(105,2024,'High income',4026210821147,32476,3.6200000,4,123753041,339,92.90,49.40,1.22,12,972266973,7.79,5,NULL,NULL,NULL,'2026-07-22 14:33:16','2026-07-22 14:33:16'),
(106,2024,'Lower middle income',53352289577,4618,0.0500000,93,11552876,130,84.10,24.50,2.60,85,24143975,2.29,83,NULL,NULL,NULL,'2026-07-22 14:33:16','2026-07-22 14:33:16'),
(107,2024,'Upper middle income',288406138231,14005,0.2600000,50,20592571,8,55.20,29.60,2.98,65,258803717,13.30,26,NULL,NULL,NULL,'2026-07-22 14:33:16','2026-07-22 14:33:16'),
(108,2024,'Lower middle income',124498691699,2206,0.1100000,66,56432944,99,31.30,19.80,3.17,26,21638682,0.37,86,NULL,NULL,NULL,'2026-07-22 14:33:16','2026-07-22 14:33:16'),
(109,2024,'Lower middle income',307862547,2289,0.0002800,214,134518,166,56.60,22.80,3.12,192,79693,0.61,202,NULL,NULL,NULL,'2026-07-22 14:33:16','2026-07-22 14:33:16'),
(110,2024,'High income',160227273001,32214,0.1400000,60,4934507,277,92.10,34.80,1.51,128,115931281,25.51,40,NULL,NULL,NULL,'2026-07-22 14:33:16','2026-07-22 14:33:16'),
(111,2024,'Lower middle income',17478259659,2419,0.0200000,137,7186009,37,35.10,25.30,2.78,106,10744958,1.63,107,NULL,NULL,NULL,'2026-07-22 14:33:16','2026-07-22 14:33:16'),
(112,2024,'Lower middle income',16502933121,2124,0.0100000,140,7769819,34,37.80,24.60,2.40,103,26062727,3.46,80,NULL,NULL,NULL,'2026-07-22 14:33:16','2026-07-22 14:33:16'),
(113,2024,'High income',43520773851,23368,0.0400000,103,1871871,30,67.20,43.30,1.34,151,6807219,3.73,129,NULL,NULL,NULL,'2026-07-22 14:33:16','2026-07-22 14:33:16'),
(114,2024,'Upper middle income',29339000000,5480,0.0300000,113,5805962,568,87.80,28.60,2.23,116,11004120,1.93,106,NULL,NULL,NULL,'2026-07-22 14:33:16','2026-07-22 14:33:16'),
(115,2024,'Low Income',2271541846,972,0.0020000,187,2337423,77,32.20,21.60,2.66,147,1000558,0.41,165,NULL,NULL,NULL,'2026-07-22 14:33:16','2026-07-22 14:33:16'),
(116,2024,'Low Income',4750000000,846,0.0043000,170,5612817,58,54.30,18.60,3.86,117,867112,0.15,170,NULL,NULL,NULL,'2026-07-22 14:33:16','2026-07-22 14:33:16'),
(117,2024,'Upper middle income',46636278902,6318,0.0400000,99,7381023,4,77.30,27.50,2.30,105,63953380,9.18,52,NULL,NULL,NULL,'2026-07-22 14:33:16','2026-07-22 14:33:16'),
(118,2024,'High income',8465000000,207034,0.0076000,158,39870,249,14.60,44.40,1.54,214,NULL,NULL,NULL,NULL,NULL,NULL,'2026-07-22 14:33:16','2026-07-22 14:33:16'),
(119,2024,'High income',84869215513,29386,0.0800000,80,2859110,46,67.50,42.00,1.21,143,12969975,4.63,100,NULL,NULL,NULL,'2026-07-22 14:33:16','2026-07-22 14:33:16'),
(120,2024,'High income',93197329012,137517,0.0800000,75,673036,260,87.00,39.20,1.40,168,7147366,11.27,126,NULL,NULL,NULL,'2026-07-22 14:33:16','2026-07-22 14:33:16'),
(121,2024,'High income',50183212761,73047,0.0500000,95,720262,24009,96.00,38.90,0.68,167,1734885,2.51,156,NULL,NULL,NULL,'2026-07-22 14:33:16','2026-07-22 14:33:16'),
(122,2024,'Low Income',17420814801,545,0.0200000,138,31964956,55,39.60,19.00,3.91,49,4682703,0.15,140,NULL,NULL,NULL,'2026-07-22 14:33:16','2026-07-22 14:33:16'),
(123,2024,'Low Income',11008925323,508,0.0099000,152,21655286,230,19.50,17.80,3.59,62,4794948,0.21,139,NULL,NULL,NULL,'2026-07-22 14:33:16','2026-07-22 14:33:16'),
(124,2024,'Upper middle income',421972102254,11867,0.3800000,38,35557673,108,76.90,30.50,1.54,45,295954220,8.57,19,NULL,NULL,NULL,'2026-07-22 14:33:16','2026-07-22 14:33:16'),
(125,2024,'Upper middle income',6975146349,13216,0.0063000,165,527799,1759,38.90,31.90,1.56,173,1882382,3.89,154,NULL,NULL,NULL,'2026-07-22 14:33:16','2026-07-22 14:33:16'),
(126,2024,'Low Income',26588067731,1086,0.0200000,116,24478595,20,43.70,15.60,5.51,58,7412128,0.33,123,NULL,NULL,NULL,'2026-07-22 14:33:16','2026-07-22 14:33:16'),
(127,2024,'High income',24322006608,42347,0.0200000,123,539607,1686,77.20,40.70,1.11,172,1808332,4.13,155,NULL,NULL,NULL,'2026-07-22 14:33:16','2026-07-22 14:33:16'),
(128,2024,'Upper middle income',280357844,7467,0.0002500,215,37548,209,NULL,20.50,2.86,217,NULL,NULL,NULL,NULL,NULL,NULL,'2026-07-22 14:33:16','2026-07-22 14:33:16'),
(130,2024,'Lower middle income',10766731874,2083,0.0097000,153,5169395,5,59.80,17.30,4.63,123,5011632,0.95,136,NULL,NULL,NULL,'2026-07-22 14:33:16','2026-07-22 14:33:16'),
(131,2024,'Upper middle income',14952555415,11872,0.0100000,145,1271169,626,41.30,37.40,1.23,159,4405467,3.44,141,NULL,NULL,NULL,'2026-07-22 14:33:16','2026-07-22 14:33:16'),
(133,2024,'Upper middle income',1852722885258,14158,1.6700000,13,130861007,67,87.40,29.30,1.89,11,475992111,3.41,13,NULL,NULL,NULL,'2026-07-22 14:33:16','2026-07-22 14:33:16'),
(134,2024,'Lower middle income',471425099,4166,0.0004200,210,113160,162,23.20,23.10,2.74,195,NULL,NULL,NULL,NULL,NULL,NULL,'2026-07-22 14:33:16','2026-07-22 14:33:16'),
(135,2024,'Upper middle income',18200340854,7618,0.0200000,135,3034961,92,56.90,38.10,1.73,139,8208088,2.07,119,NULL,NULL,NULL,'2026-07-22 14:33:16','2026-07-22 14:33:16'),
(136,2024,'High income',9995350547,256581,0.0093000,155,38631,25927,NULL,54.00,2.10,216,NULL,NULL,NULL,NULL,NULL,NULL,'2026-07-22 14:33:16','2026-07-22 14:33:16'),
(137,2024,'Upper middle income',23586055802,6691,0.0200000,124,3475540,2,67.10,26.90,2.63,133,27657810,8.21,78,NULL,NULL,NULL,'2026-07-22 14:33:16','2026-07-22 14:33:16'),
(138,2024,'Upper middle income',8069536126,12935,0.0073000,159,638479,47,67.80,39.60,1.80,170,NULL,NULL,NULL,NULL,NULL,NULL,'2026-07-22 14:33:16','2026-07-22 14:33:16'),
(139,2024,'High income',80429630,18197,0.0000760,217,4389,44,11.30,41.60,1.45,230,NULL,NULL,NULL,NULL,NULL,NULL,'2026-07-22 14:33:16','2026-07-22 14:33:16'),
(140,2024,'Lower middle income',154430996473,3993,0.1400000,61,38081173,85,66.70,29.50,2.21,41,70040885,1.81,49,NULL,NULL,NULL,'2026-07-22 14:33:16','2026-07-22 14:33:16'),
(141,2024,'Low Income',22416650343,647,0.0200000,126,34631766,44,41.00,16.40,4.69,44,10112699,0.28,111,NULL,NULL,NULL,'2026-07-22 14:33:16','2026-07-22 14:33:16'),
(142,2024,'Lower middle income',74079772652,1359,0.0700000,87,54500091,83,33.70,29.80,2.10,27,31362831,0.55,73,NULL,NULL,NULL,'2026-07-22 14:33:16','2026-07-22 14:33:16'),
(143,2024,'Lower middle income',13372354269,4413,0.0100000,149,3030131,4,53.70,21.10,3.21,137,3649815,1.25,144,NULL,NULL,NULL,'2026-07-22 14:33:16','2026-07-22 14:33:16'),
(144,2024,'Upper middle income',160350640,13422,0.0001400,216,11947,597,94.50,20.30,3.29,224,NULL,NULL,NULL,NULL,NULL,NULL,'2026-07-22 14:33:16','2026-07-22 14:33:16'),
(145,2024,'Lower middle income',42914268287,1447,0.0400000,104,29651054,207,23.80,25.00,1.96,52,15891857,0.50,95,NULL,NULL,NULL,'2026-07-22 14:33:16','2026-07-22 14:33:16'),
(146,2024,'High income',1227543925316,68219,1.1000000,19,18228742,541,89.10,41.40,1.43,71,118790884,6.84,38,NULL,NULL,NULL,'2026-07-22 14:33:16','2026-07-22 14:33:16'),
(147,2024,'High income',10139988153,34981,0.0096000,154,292639,16,75.20,34.20,1.96,184,4998309,16.61,137,NULL,NULL,NULL,'2026-07-22 14:33:16','2026-07-22 14:33:16'),
(148,2024,'High income',260235932559,48747,0.2300000,53,5213944,20,83.40,37.50,1.66,126,31814597,6.37,71,NULL,NULL,NULL,'2026-07-22 14:33:16','2026-07-22 14:33:16'),
(149,2024,'Lower middle income',19693982968,2848,0.0200000,132,6916140,57,58.00,25.60,2.21,108,5739324,0.86,132,NULL,NULL,NULL,'2026-07-22 14:33:16','2026-07-22 14:33:16'),
(150,2024,'Low Income',19537639288,723,0.0200000,133,27032412,21,17.90,15.40,5.93,53,3214248,0.11,147,NULL,NULL,NULL,'2026-07-22 14:33:16','2026-07-22 14:33:16'),
(151,2024,'Low Income',187759703100,807,0.1700000,59,232679478,255,53.90,17.90,4.38,6,131910141,0.58,36,NULL,NULL,NULL,'2026-07-22 14:33:16','2026-07-22 14:33:16'),
(153,2024,'Low Income',16446632290,640,0.0200000,141,26498823,220,62.90,36.30,1.78,56,66239386,2.52,51,NULL,NULL,NULL,'2026-07-22 14:33:16','2026-07-22 14:33:16'),
(154,2024,'Upper middle income',16685236492,9310,0.0100000,139,1823009,72,68.60,40.60,1.47,152,7297318,3.49,125,NULL,NULL,NULL,'2026-07-22 14:33:16','2026-07-22 14:33:16'),
(155,2024,'High income',1096000000,23786,0.0011000,202,44278,96,NULL,37.10,2.32,212,NULL,NULL,NULL,NULL,NULL,NULL,'2026-07-22 14:33:16','2026-07-22 14:33:16'),
(156,2024,'High income',483727398216,86810,0.4300000,32,5576660,15,85.50,39.70,1.41,121,39999523,7.07,60,NULL,NULL,NULL,'2026-07-22 14:33:16','2026-07-22 14:33:16'),
(157,2024,'High income',106942782835,20248,0.1000000,72,5281538,17,92.80,29.50,2.51,120,98511206,17.89,41,NULL,NULL,NULL,'2026-07-22 14:33:16','2026-07-22 14:33:16'),
(158,2024,'Lower middle income',373071855732,1485,0.3400000,44,251269164,326,34.10,20.40,3.55,5,203988261,0.91,29,NULL,NULL,NULL,'2026-07-22 14:33:16','2026-07-22 14:33:16'),
(159,2024,'High income',322000000,18277,0.0002900,213,17695,38,NULL,38.20,1.88,221,1465894,63.73,159,NULL,NULL,NULL,'2026-07-22 14:33:16','2026-07-22 14:33:16'),
(160,2024,'High income',86260400000,19103,0.0800000,79,4515577,61,70.20,29.90,2.11,129,12365032,2.73,102,NULL,NULL,NULL,'2026-07-22 14:33:16','2026-07-22 14:33:16'),
(161,2024,'Lower middle income',32538480024,3076,0.0300000,111,10576502,23,12.40,22.60,3.07,89,5467691,0.58,133,NULL,NULL,NULL,'2026-07-22 14:33:16','2026-07-22 14:33:16'),
(162,2024,'Upper middle income',44458118400,6416,0.0400000,101,6929153,17,67.80,26.60,2.42,109,8025319,1.09,121,NULL,NULL,NULL,'2026-07-22 14:33:16','2026-07-22 14:33:16'),
(163,2024,'Upper middle income',289221969060,8452,0.2600000,49,34217848,27,80.40,29.80,1.97,48,69265213,1.99,50,NULL,NULL,NULL,'2026-07-22 14:33:16','2026-07-22 14:33:16'),
(164,2024,'Lower middle income',461617509782,3985,0.4100000,34,115843670,389,48.70,25.70,1.89,14,174114309,1.50,33,NULL,NULL,NULL,'2026-07-22 14:33:16','2026-07-22 14:33:16'),
(165,2024,'High income',914696430325,25023,0.8200000,21,38539201,126,58.70,41.80,1.30,42,276061915,7.36,24,NULL,NULL,NULL,'2026-07-22 14:33:16','2026-07-22 14:33:16'),
(166,2024,'High income',308683317393,28844,0.2800000,47,10425292,114,66.20,46.60,1.51,94,35557290,3.53,64,NULL,NULL,NULL,'2026-07-22 14:33:16','2026-07-22 14:33:16'),
(167,2024,'High income',125841500000,39285,0.1100000,64,3242204,366,NULL,45.50,0.94,135,15430081,4.25,96,NULL,NULL,NULL,'2026-07-22 14:33:16','2026-07-22 14:33:16'),
(168,2024,'High income',217982967033,76276,0.2000000,56,3048423,263,97.30,33.50,1.72,136,135266875,45.33,35,NULL,NULL,NULL,'2026-07-22 14:33:16','2026-07-22 14:33:16'),
(169,2024,'High income',382767571329,20072,0.3400000,43,19015088,83,54.90,42.90,1.71,70,70883168,3.73,48,NULL,NULL,NULL,'2026-07-22 14:33:16','2026-07-22 14:33:16'),
(170,2024,'High income',2173835806672,14889,1.9500000,11,144820423,9,74.60,39.90,1.46,9,2009154097,14.06,4,NULL,NULL,NULL,'2026-07-22 14:33:16','2026-07-22 14:33:16'),
(171,2024,'Low Income',14251642231,1000,0.0100000,146,14256567,578,18.10,19.70,3.65,77,2311382,0.16,153,NULL,NULL,NULL,'2026-07-22 14:33:16','2026-07-22 14:33:16'),
(175,2024,'High income',1066681481,22771,0.0009600,204,46843,180,39.00,35.80,1.53,209,135120,2.33,197,NULL,NULL,NULL,'2026-07-22 14:33:16','2026-07-22 14:33:16'),
(176,2024,'Upper middle income',2549062963,14182,0.0023000,184,179744,295,19.70,34.20,1.39,190,307460,1.68,189,NULL,NULL,NULL,'2026-07-22 14:33:16','2026-07-22 14:33:16'),
(177,2024,'High income',649206156,21668,0.0006600,208,26129,493,NULL,41.00,2.67,220,NULL,NULL,NULL,NULL,NULL,NULL,'2026-07-22 14:33:16','2026-07-22 14:33:16'),
(179,2024,'Upper middle income',1068025244,4899,0.0009600,203,218019,77,16.40,19.80,3.80,188,349758,1.71,185,NULL,NULL,NULL,'2026-07-22 14:33:16','2026-07-22 14:33:16'),
(180,2024,'High income',2086000000,60946,0.0019000,192,33581,560,99.80,48.00,1.16,218,NULL,NULL,NULL,NULL,NULL,NULL,'2026-07-22 14:33:16','2026-07-22 14:33:16'),
(181,2024,'Lower middle income',764274043,3245,0.0006900,206,235536,245,77.60,19.30,3.60,187,147722,0.62,196,NULL,NULL,NULL,'2026-07-22 14:33:16','2026-07-22 14:33:16'),
(182,2024,'High income',1237529866667,35057,1.1100000,18,33962757,16,92.30,29.60,2.31,47,652511035,17.73,8,NULL,NULL,NULL,'2026-07-22 14:33:16','2026-07-22 14:33:16'),
(183,2024,'Lower middle income',32267254425,1744,0.0300000,112,18501984,96,51.70,19.40,3.77,68,14202340,0.74,97,NULL,NULL,NULL,'2026-07-22 14:33:16','2026-07-22 14:33:16'),
(184,2024,'Upper middle income',89083506277,13524,0.0800000,77,6736216,77,73.00,44.10,1.50,111,NULL,NULL,NULL,NULL,NULL,NULL,'2026-07-22 14:33:16','2026-07-22 14:33:16'),
(185,2024,'High income',2167239562,17859,0.0019000,189,130418,284,44.20,34.00,2.11,193,878216,8.96,169,NULL,NULL,NULL,'2026-07-22 14:33:16','2026-07-22 14:33:16'),
(186,2024,'Low Income',7547843281,873,0.0068000,161,8642022,120,45.10,19.50,3.70,101,1461784,0.17,160,NULL,NULL,NULL,'2026-07-22 14:33:16','2026-07-22 14:33:16'),
(187,2024,'High income',547386645892,90674,0.4900000,27,5832387,8332,NULL,35.60,0.95,115,58868050,9.62,53,NULL,NULL,NULL,'2026-07-22 14:33:16','2026-07-22 14:33:16'),
(188,2024,'High income',1735210228,40028,0.0016000,196,43350,1275,100.00,41.70,1.44,211,NULL,NULL,NULL,NULL,NULL,NULL,'2026-07-22 14:33:16','2026-07-22 14:33:16'),
(189,2024,'High income',141775733420,26148,0.1300000,63,5506760,115,53.50,41.80,1.56,124,29892541,5.49,75,NULL,NULL,NULL,'2026-07-22 14:33:16','2026-07-22 14:33:16'),
(190,2024,'High income',72485008929,34089,0.0700000,88,2118697,105,55.40,44.30,1.58,149,13331365,6.42,99,NULL,NULL,NULL,'2026-07-22 14:33:16','2026-07-22 14:33:16'),
(191,2024,'Lower middle income',1760767447,2149,0.0016000,194,819198,29,22.50,20.50,3.51,164,314545,0.45,188,NULL,NULL,NULL,'2026-07-22 14:33:16','2026-07-22 14:33:16'),
(192,2024,'Low Income',12108515110,637,0.0100000,151,19009151,30,46.30,15.50,6.01,66,865216,0.05,171,NULL,NULL,NULL,'2026-07-22 14:33:16','2026-07-22 14:33:16'),
(193,2024,'Upper middle income',400260724226,6253,0.3600000,41,64007187,53,66.30,28.50,2.21,24,440167752,7.19,15,NULL,NULL,NULL,'2026-07-22 14:33:16','2026-07-22 14:33:16'),
(194,2024,'High income',1875388000000,36239,1.6800000,12,51717590,532,82.10,45.00,0.73,31,588008898,11.29,9,NULL,NULL,NULL,'2026-07-22 14:33:16','2026-07-22 14:33:16'),
(195,2024,'Low Income',4637000000,388,0.0042000,173,11943408,20,27.10,18.30,3.79,80,NULL,NULL,NULL,NULL,NULL,NULL,'2026-07-22 14:33:16','2026-07-22 14:33:16'),
(196,2024,'High income',1722745978335,35297,1.5500000,15,47910526,96,79.10,45.40,1.22,34,220083943,4.75,28,NULL,NULL,NULL,'2026-07-22 14:33:16','2026-07-22 14:33:16'),
(197,2024,'Lower middle income',98963185510,4516,0.0900000,73,23103565,368,17.90,33.10,1.95,60,23334668,1.10,84,NULL,NULL,NULL,'2026-07-22 14:33:16','2026-07-22 14:33:16'),
(198,2024,'Upper middle income',1157207407,11501,0.0010000,201,100616,258,60.60,34.20,1.76,198,131984,1.19,198,NULL,NULL,NULL,'2026-07-22 14:33:16','2026-07-22 14:33:16'),
(199,2024,'Lower middle income',13711100000,2592,0.0100000,148,5495443,913,83.30,19.90,3.25,119,NULL,NULL,NULL,NULL,NULL,NULL,'2026-07-22 14:33:16','2026-07-22 14:33:16'),
(200,2024,'Low Income',49909807030,989,0.0400000,96,50448963,29,34.90,18.40,4.26,29,21867830,0.34,85,NULL,NULL,NULL,'2026-07-22 14:33:16','2026-07-22 14:33:16'),
(201,2024,'Upper middle income',4714267822,7431,0.0042000,171,634431,4,62.40,28.40,2.23,169,2576452,4.33,151,NULL,NULL,NULL,'2026-07-22 14:33:16','2026-07-22 14:33:16'),
(202,2024,'High income',610117791237,57723,0.5500000,25,10606999,26,87.00,40.10,1.43,91,37774193,3.64,63,NULL,NULL,NULL,'2026-07-22 14:33:16','2026-07-22 14:33:16'),
(203,2024,'High income',936564198049,103670,0.8400000,20,8921981,226,74.20,42.70,1.44,100,33732136,3.79,68,NULL,NULL,NULL,'2026-07-22 14:33:16','2026-07-22 14:33:16'),
(204,2024,'Low Income',19993439950,847,0.0200000,130,24672760,134,52.90,22.80,2.70,57,31449838,1.40,72,NULL,NULL,NULL,'2026-07-22 14:33:16','2026-07-22 14:33:16'),
(205,2024,'High income',801495000000,34252,0.7200000,22,23213962,656,83.20,44.20,0.86,61,280491856,11.68,23,NULL,NULL,NULL,'2026-07-22 14:33:16','2026-07-22 14:33:16'),
(206,2024,'Lower middle income',14204575549,1341,0.0100000,147,10590927,76,27.40,22.10,3.04,88,9769852,0.96,112,NULL,NULL,NULL,'2026-07-22 14:33:16','2026-07-22 14:33:16'),
(207,2024,'Lower middle income',78779864877,1186,0.0700000,84,68560157,77,39.30,17.40,4.54,20,21336296,0.30,87,NULL,NULL,NULL,'2026-07-22 14:33:16','2026-07-22 14:33:16'),
(208,2024,'Upper middle income',526411265428,7345,0.4700000,30,71668011,140,52.80,40.10,1.20,21,283809078,4.07,22,NULL,NULL,NULL,'2026-07-22 14:33:16','2026-07-22 14:33:16'),
(209,2024,'Lower middle income',1881265333,1343,0.0017000,193,1400638,94,35.30,21.30,2.63,155,699446,0.47,174,NULL,NULL,NULL,'2026-07-22 14:33:16','2026-07-22 14:33:16'),
(210,2024,'Low Income',9925732120,1043,0.0089000,156,9515236,175,43.60,18.90,4.12,95,2627592,0.29,150,NULL,NULL,NULL,'2026-07-22 14:33:16','2026-07-22 14:33:16'),
(212,2024,'Upper middle income',646000000,6498,0.0005800,209,104175,145,25.60,20.70,3.10,197,169794,1.48,195,NULL,NULL,NULL,'2026-07-22 14:33:16','2026-07-22 14:33:16'),
(213,2024,'High income',26428963758,19315,0.0200000,117,1507782,294,49.10,37.20,1.54,154,26793426,19.40,79,NULL,NULL,NULL,'2026-07-22 14:33:16','2026-07-22 14:33:16'),
(214,2024,'Lower middle income',53409988745,4350,0.0500000,92,12277109,79,71.20,32.50,1.82,81,32179949,2.61,70,NULL,NULL,NULL,'2026-07-22 14:33:16','2026-07-22 14:33:16'),
(215,2024,'High income',1323254808059,15473,1.1900000,17,87473805,114,76.40,33.00,1.62,18,460027460,5.36,14,NULL,NULL,NULL,'2026-07-22 14:33:16','2026-07-22 14:33:16'),
(216,2024,'Upper middle income',64239891739,8572,0.0600000,90,7494498,16,46.20,26.60,2.66,104,81408012,12.81,45,NULL,NULL,NULL,'2026-07-22 14:33:16','2026-07-22 14:33:16'),
(217,2024,'High income',1745378000,37507,0.0016000,195,46535,49,78.90,38.70,1.45,208,229061,5.87,193,NULL,NULL,NULL,'2026-07-22 14:33:16','2026-07-22 14:33:16'),
(218,2024,'Upper middle income',56000000,5729,0.0000500,218,9646,322,83.00,24.30,3.17,227,NULL,NULL,NULL,NULL,NULL,NULL,'2026-07-22 14:33:16','2026-07-22 14:33:16'),
(219,2024,'High income',4672000000,44321,0.0046000,172,84905,243,NULL,44.80,2.08,202,NULL,NULL,NULL,NULL,NULL,NULL,'2026-07-22 14:33:16','2026-07-22 14:33:16'),
(220,2024,'Low Income',53651874314,1073,0.0500000,91,50015092,250,29.30,16.70,4.17,30,8254862,0.15,118,NULL,NULL,NULL,'2026-07-22 14:33:16','2026-07-22 14:33:16'),
(221,2024,'Upper middle income',190741263732,5389,0.1700000,58,37860221,65,79.20,42.10,0.99,40,118477849,2.78,39,NULL,NULL,NULL,'2026-07-22 14:33:16','2026-07-22 14:33:16'),
(222,2024,'High income',537078829135,49378,0.4800000,29,11027129,132,82.30,31.60,1.21,86,200558970,19.45,30,NULL,NULL,NULL,'2026-07-22 14:33:16','2026-07-22 14:33:16'),
(223,2024,'High income',3643834188783,52637,3.2800000,6,69138192,286,84.40,40.00,1.55,22,292419359,4.25,20,NULL,NULL,NULL,'2026-07-22 14:33:16','2026-07-22 14:33:16'),
(224,2024,'High income',29184890000000,85810,26.2300000,1,345426571,38,82.40,38.30,1.62,3,4632164876,13.59,2,NULL,NULL,NULL,'2026-07-22 14:33:16','2026-07-22 14:33:16'),
(225,2024,'High income',80961511074,23907,0.0700000,82,3386588,19,NULL,36.10,1.40,134,8695336,2.46,115,NULL,NULL,NULL,'2026-07-22 14:33:16','2026-07-22 14:33:16'),
(226,2024,'Lower middle income',114965293467,3162,0.1000000,69,36361859,85,48.40,27.00,3.49,43,148538808,4.27,34,NULL,NULL,NULL,'2026-07-22 14:33:16','2026-07-22 14:33:16'),
(227,2024,'Lower middle income',1161251868,3543,0.0010000,200,327777,27,25.30,20.20,3.57,181,285107,0.90,191,NULL,NULL,NULL,'2026-07-22 14:33:16','2026-07-22 14:33:16'),
(228,2024,'Lower middle income',120566000000,4539,0.1100000,68,28405543,32,NULL,29.20,2.08,54,96411416,2.78,42,NULL,NULL,NULL,'2026-07-22 14:33:16','2026-07-22 14:33:16'),
(229,2024,'Upper middle income',476388230307,4717,0.4300000,33,100987686,326,40.60,32.90,1.90,16,430819227,4.23,16,NULL,NULL,NULL,'2026-07-22 14:33:16','2026-07-22 14:33:16'),
(232,2024,'Low Income',8058000000,441,0.0072000,160,40583164,77,32.80,18.30,4.50,37,10580331,0.32,109,NULL,NULL,NULL,'2026-07-22 14:33:16','2026-07-22 14:33:16'),
(233,2024,'Lower middle income',26325775287,1235,0.0200000,118,21314956,29,46.20,17.70,4.04,63,11573195,0.55,105,NULL,NULL,NULL,'2026-07-22 14:33:16','2026-07-22 14:33:16'),
(234,2024,'Lower middle income',44187704410,2656,0.0400000,102,16634373,43,37.70,18.00,3.67,74,12855358,0.67,101,NULL,NULL,NULL,'2026-07-22 14:33:16','2026-07-22 14:33:16');
/*!40000 ALTER TABLE `Indikator_Negara` ENABLE KEYS */;
UNLOCK TABLES;
COMMIT;
SET AUTOCOMMIT=@OLD_AUTOCOMMIT;

--
-- Table structure for table `Jenis_Energi`
--

DROP TABLE IF EXISTS `Jenis_Energi`;
/*!40101 SET @saved_cs_client     = @@character_set_client */;
/*!40101 SET character_set_client = utf8mb4 */;
CREATE TABLE `Jenis_Energi` (
  `id_jenis` smallint(6) NOT NULL,
  `nama_jenis` varchar(100) NOT NULL,
  `kategori` varchar(20) DEFAULT NULL,
  PRIMARY KEY (`id_jenis`)
) ENGINE=InnoDB DEFAULT CHARSET=utf8mb4 COLLATE=utf8mb4_uca1400_ai_ci;
/*!40101 SET character_set_client = @saved_cs_client */;

--
-- Dumping data for table `Jenis_Energi`
--

SET @OLD_AUTOCOMMIT=@@AUTOCOMMIT, @@AUTOCOMMIT=0;
LOCK TABLES `Jenis_Energi` WRITE;
/*!40000 ALTER TABLE `Jenis_Energi` DISABLE KEYS */;
INSERT INTO `Jenis_Energi` VALUES
(1,'Oil','Fosil'),
(2,'Gas','Fosil'),
(3,'Coal','Fosil'),
(4,'Renewable & Nuclear','Non-Fosil');
/*!40000 ALTER TABLE `Jenis_Energi` ENABLE KEYS */;
UNLOCK TABLES;
COMMIT;
SET AUTOCOMMIT=@OLD_AUTOCOMMIT;

--
-- Table structure for table `Komposisi_Energi`
--

DROP TABLE IF EXISTS `Komposisi_Energi`;
/*!40101 SET @saved_cs_client     = @@character_set_client */;
/*!40101 SET character_set_client = utf8mb4 */;
CREATE TABLE `Komposisi_Energi` (
  `id_negara` smallint(6) NOT NULL,
  `id_jenis` smallint(6) NOT NULL,
  `tahun` smallint(6) NOT NULL,
  `jumlah_komposisi` bigint(20) DEFAULT NULL,
  `persentase_konsumsi` tinyint(4) DEFAULT NULL,
  `created_at` timestamp NULL DEFAULT current_timestamp(),
  `updated_at` timestamp NULL DEFAULT current_timestamp() ON UPDATE current_timestamp(),
  PRIMARY KEY (`id_negara`,`id_jenis`,`tahun`),
  KEY `id_jenis` (`id_jenis`),
  KEY `tahun` (`tahun`),
  CONSTRAINT `1` FOREIGN KEY (`id_negara`) REFERENCES `Negara` (`id_negara`),
  CONSTRAINT `2` FOREIGN KEY (`id_jenis`) REFERENCES `Jenis_Energi` (`id_jenis`),
  CONSTRAINT `3` FOREIGN KEY (`tahun`) REFERENCES `Tahun` (`tahun`)
) ENGINE=InnoDB DEFAULT CHARSET=utf8mb4 COLLATE=utf8mb4_uca1400_ai_ci;
/*!40101 SET character_set_client = @saved_cs_client */;

--
-- Dumping data for table `Komposisi_Energi`
--

SET @OLD_AUTOCOMMIT=@@AUTOCOMMIT, @@AUTOCOMMIT=0;
LOCK TABLES `Komposisi_Energi` WRITE;
/*!40000 ALTER TABLE `Komposisi_Energi` DISABLE KEYS */;
INSERT INTO `Komposisi_Energi` VALUES
(1,1,2017,67719000000,47,'2026-07-22 14:33:16','2026-07-22 14:33:16'),
(1,2,2017,6111883000,4,'2026-07-22 14:33:16','2026-07-22 14:33:16'),
(1,3,2017,45647279000,32,'2026-07-22 14:33:16','2026-07-22 14:33:16'),
(1,4,2017,25216212000,17,'2026-07-22 14:33:16','2026-07-22 14:33:16'),
(2,1,2017,58100000000,52,'2026-07-22 14:33:16','2026-07-22 14:33:16'),
(2,2,2017,1751609000,2,'2026-07-22 14:33:16','2026-07-22 14:33:16'),
(2,3,2017,2287932000,2,'2026-07-22 14:33:16','2026-07-22 14:33:16'),
(2,4,2017,49703918000,44,'2026-07-22 14:33:16','2026-07-22 14:33:16'),
(3,1,2017,836285000000,35,'2026-07-22 14:33:16','2026-07-22 14:33:16'),
(3,2,2017,1547998949000,65,'2026-07-22 14:33:16','2026-07-22 14:33:16'),
(3,3,2017,879609000,0,'2026-07-22 14:33:16','2026-07-22 14:33:16'),
(3,4,2017,13284226000,1,'2026-07-22 14:33:16','2026-07-22 14:33:16'),
(6,1,2017,260938000000,72,'2026-07-22 14:33:16','2026-07-22 14:33:16'),
(6,2,2017,30060504000,8,'2026-07-22 14:33:16','2026-07-22 14:33:16'),
(6,4,2017,71804626000,20,'2026-07-22 14:33:16','2026-07-22 14:33:16'),
(8,1,2017,10275000000,97,'2026-07-22 14:33:16','2026-07-22 14:33:16'),
(8,4,2017,330278000,3,'2026-07-22 14:33:16','2026-07-22 14:33:16'),
(9,1,2017,1536946000000,40,'2026-07-22 14:33:16','2026-07-22 14:33:16'),
(9,2,2017,1810186042000,47,'2026-07-22 14:33:16','2026-07-22 14:33:16'),
(9,3,2017,32884799000,1,'2026-07-22 14:33:16','2026-07-22 14:33:16'),
(9,4,2017,487506754000,13,'2026-07-22 14:33:16','2026-07-22 14:33:16'),
(10,1,2017,16603000000,11,'2026-07-22 14:33:16','2026-07-22 14:33:16'),
(10,2,2017,87037952000,59,'2026-07-22 14:33:16','2026-07-22 14:33:16'),
(10,3,2017,36200000,0,'2026-07-22 14:33:16','2026-07-22 14:33:16'),
(10,4,2017,44859745000,30,'2026-07-22 14:33:16','2026-07-22 14:33:16'),
(11,1,2017,16626000000,94,'2026-07-22 14:33:16','2026-07-22 14:33:16'),
(11,4,2017,980311000,6,'2026-07-22 14:33:16','2026-07-22 14:33:16'),
(12,1,2017,2387752000000,39,'2026-07-22 14:33:16','2026-07-22 14:33:16'),
(12,2,2017,1632483937000,27,'2026-07-22 14:33:16','2026-07-22 14:33:16'),
(12,3,2017,1759556579000,29,'2026-07-22 14:33:16','2026-07-22 14:33:16'),
(12,4,2017,347786906000,6,'2026-07-22 14:33:16','2026-07-22 14:33:16'),
(13,1,2017,558198000000,37,'2026-07-22 14:33:16','2026-07-22 14:33:16'),
(13,2,2017,343709147000,23,'2026-07-22 14:33:16','2026-07-22 14:33:16'),
(13,3,2017,95458583000,6,'2026-07-22 14:33:16','2026-07-22 14:33:16'),
(13,4,2017,504267644000,34,'2026-07-22 14:33:16','2026-07-22 14:33:16'),
(14,1,2017,197835000000,33,'2026-07-22 14:33:16','2026-07-22 14:33:16'),
(14,2,2017,382652424000,64,'2026-07-22 14:33:16','2026-07-22 14:33:16'),
(14,3,2017,38900000,0,'2026-07-22 14:33:16','2026-07-22 14:33:16'),
(14,4,2017,13556239000,2,'2026-07-22 14:33:16','2026-07-22 14:33:16'),
(15,1,2017,42416000000,99,'2026-07-22 14:33:16','2026-07-22 14:33:16'),
(15,2,2017,1710000,0,'2026-07-22 14:33:16','2026-07-22 14:33:16'),
(15,4,2017,436137000,1,'2026-07-22 14:33:16','2026-07-22 14:33:16'),
(16,1,2017,131325000000,18,'2026-07-22 14:33:16','2026-07-22 14:33:16'),
(16,2,2017,587492554000,82,'2026-07-22 14:33:16','2026-07-22 14:33:16'),
(16,4,2017,1047187000,0,'2026-07-22 14:33:16','2026-07-22 14:33:16'),
(17,1,2017,265244000000,19,'2026-07-22 14:33:16','2026-07-22 14:33:16'),
(17,2,2017,1087707153000,77,'2026-07-22 14:33:16','2026-07-22 14:33:16'),
(17,3,2017,53604166000,4,'2026-07-22 14:33:16','2026-07-22 14:33:16'),
(17,4,2017,10804392000,1,'2026-07-22 14:33:16','2026-07-22 14:33:16'),
(18,1,2017,22983000000,93,'2026-07-22 14:33:16','2026-07-22 14:33:16'),
(18,2,2017,760633000,3,'2026-07-22 14:33:16','2026-07-22 14:33:16'),
(18,4,2017,1020023000,4,'2026-07-22 14:33:16','2026-07-22 14:33:16'),
(19,1,2017,281370000000,29,'2026-07-22 14:33:16','2026-07-22 14:33:16'),
(19,2,2017,648569392000,67,'2026-07-22 14:33:16','2026-07-22 14:33:16'),
(19,3,2017,13874960000,1,'2026-07-22 14:33:16','2026-07-22 14:33:16'),
(19,4,2017,17498754000,2,'2026-07-22 14:33:16','2026-07-22 14:33:16'),
(20,1,2017,1356044000000,51,'2026-07-22 14:33:16','2026-07-22 14:33:16'),
(20,2,2017,629965520000,23,'2026-07-22 14:33:16','2026-07-22 14:33:16'),
(20,3,2017,103584814000,4,'2026-07-22 14:33:16','2026-07-22 14:33:16'),
(20,4,2017,595091095000,22,'2026-07-22 14:33:16','2026-07-22 14:33:16'),
(21,1,2017,8161000000,64,'2026-07-22 14:33:16','2026-07-22 14:33:16'),
(21,4,2017,4566469000,36,'2026-07-22 14:33:16','2026-07-22 14:33:16'),
(22,1,2017,90177000000,93,'2026-07-22 14:33:16','2026-07-22 14:33:16'),
(22,2,2017,0,0,'2026-07-22 14:33:16','2026-07-22 14:33:16'),
(22,3,2017,2992505000,3,'2026-07-22 14:33:16','2026-07-22 14:33:16'),
(22,4,2017,4012103001,4,'2026-07-22 14:33:16','2026-07-22 14:33:16'),
(23,1,2017,11126000000,99,'2026-07-22 14:33:16','2026-07-22 14:33:16'),
(23,4,2017,126000000,1,'2026-07-22 14:33:16','2026-07-22 14:33:16'),
(24,1,2017,5367000000,9,'2026-07-22 14:33:16','2026-07-22 14:33:16'),
(24,3,2017,1318155000,2,'2026-07-22 14:33:16','2026-07-22 14:33:16'),
(24,4,2017,54597299000,89,'2026-07-22 14:33:16','2026-07-22 14:33:16'),
(25,1,2017,202423000000,59,'2026-07-22 14:33:16','2026-07-22 14:33:16'),
(25,2,2017,117502741000,34,'2026-07-22 14:33:16','2026-07-22 14:33:16'),
(25,3,2017,0,0,'2026-07-22 14:33:16','2026-07-22 14:33:16'),
(25,4,2017,23428104000,7,'2026-07-22 14:33:16','2026-07-22 14:33:16'),
(26,1,2017,69914000000,28,'2026-07-22 14:33:16','2026-07-22 14:33:16'),
(26,2,2017,8144761000,3,'2026-07-22 14:33:16','2026-07-22 14:33:16'),
(26,3,2017,152591920000,61,'2026-07-22 14:33:16','2026-07-22 14:33:16'),
(26,4,2017,21103149000,8,'2026-07-22 14:33:16','2026-07-22 14:33:16'),
(27,1,2017,44686000000,47,'2026-07-22 14:33:16','2026-07-22 14:33:16'),
(27,3,2017,48215720000,50,'2026-07-22 14:33:16','2026-07-22 14:33:16'),
(27,4,2017,3134250000,3,'2026-07-22 14:33:16','2026-07-22 14:33:16'),
(28,1,2017,6054245000000,48,'2026-07-22 14:33:16','2026-07-22 14:33:16'),
(28,2,2017,1283290145000,10,'2026-07-22 14:33:16','2026-07-22 14:33:16'),
(28,3,2017,643393617000,5,'2026-07-22 14:33:16','2026-07-22 14:33:16'),
(28,4,2017,4585470801000,36,'2026-07-22 14:33:16','2026-07-22 14:33:16'),
(29,1,2017,3193000000,94,'2026-07-22 14:33:16','2026-07-22 14:33:16'),
(29,4,2017,204977000,6,'2026-07-22 14:33:16','2026-07-22 14:33:16'),
(30,1,2017,31823000000,18,'2026-07-22 14:33:16','2026-07-22 14:33:16'),
(30,2,2017,145041953000,82,'2026-07-22 14:33:16','2026-07-22 14:33:16'),
(30,4,2017,0,0,'2026-07-22 14:33:16','2026-07-22 14:33:16'),
(31,1,2017,196462000000,25,'2026-07-22 14:33:16','2026-07-22 14:33:16'),
(31,2,2017,120273534000,16,'2026-07-22 14:33:16','2026-07-22 14:33:16'),
(31,3,2017,254070049001,33,'2026-07-22 14:33:16','2026-07-22 14:33:16'),
(31,4,2017,203622557000,26,'2026-07-22 14:33:16','2026-07-22 14:33:16'),
(32,1,2017,45380000000,92,'2026-07-22 14:33:16','2026-07-22 14:33:16'),
(32,4,2017,4036394000,8,'2026-07-22 14:33:16','2026-07-22 14:33:16'),
(33,1,2017,3087000000,57,'2026-07-22 14:33:16','2026-07-22 14:33:16'),
(33,4,2017,2287860000,43,'2026-07-22 14:33:16','2026-07-22 14:33:16'),
(34,1,2017,11948000000,94,'2026-07-22 14:33:16','2026-07-22 14:33:16'),
(34,4,2017,712679000,6,'2026-07-22 14:33:16','2026-07-22 14:33:16'),
(35,1,2017,99258000000,59,'2026-07-22 14:33:16','2026-07-22 14:33:16'),
(35,3,2017,38336810000,23,'2026-07-22 14:33:16','2026-07-22 14:33:16'),
(35,4,2017,31102853000,18,'2026-07-22 14:33:16','2026-07-22 14:33:16'),
(36,1,2017,72592000000,49,'2026-07-22 14:33:16','2026-07-22 14:33:16'),
(36,2,2017,33664295000,23,'2026-07-22 14:33:16','2026-07-22 14:33:16'),
(36,4,2017,41544296000,28,'2026-07-22 14:33:16','2026-07-22 14:33:16'),
(37,1,2017,4944458000000,33,'2026-07-22 14:33:16','2026-07-22 14:33:16'),
(37,2,2017,4609067962000,31,'2026-07-22 14:33:16','2026-07-22 14:33:16'),
(37,3,2017,658514812000,4,'2026-07-22 14:33:16','2026-07-22 14:33:16'),
(37,4,2017,4850083423000,32,'2026-07-22 14:33:16','2026-07-22 14:33:16'),
(39,1,2017,9514000000,100,'2026-07-22 14:33:16','2026-07-22 14:33:16'),
(39,4,2017,0,0,'2026-07-22 14:33:16','2026-07-22 14:33:16'),
(40,1,2017,5340000000,76,'2026-07-22 14:33:16','2026-07-22 14:33:16'),
(40,3,2017,0,0,'2026-07-22 14:33:16','2026-07-22 14:33:16'),
(40,4,2017,1725635000,24,'2026-07-22 14:33:16','2026-07-22 14:33:16'),
(41,1,2017,4397000000,90,'2026-07-22 14:33:16','2026-07-22 14:33:16'),
(41,2,2017,0,0,'2026-07-22 14:33:16','2026-07-22 14:33:16'),
(41,4,2017,482681000,10,'2026-07-22 14:33:16','2026-07-22 14:33:16'),
(42,1,2017,711780000000,48,'2026-07-22 14:33:16','2026-07-22 14:33:16'),
(42,2,2017,189709882000,13,'2026-07-22 14:33:16','2026-07-22 14:33:16'),
(42,3,2017,280519222000,19,'2026-07-22 14:33:16','2026-07-22 14:33:16'),
(42,4,2017,314131416000,21,'2026-07-22 14:33:16','2026-07-22 14:33:16'),
(43,1,2017,24912052000000,18,'2026-07-22 14:33:16','2026-07-22 14:33:16'),
(43,2,2017,8805077643000,6,'2026-07-22 14:33:16','2026-07-22 14:33:16'),
(43,3,2017,87670259230000,63,'2026-07-22 14:33:16','2026-07-22 14:33:16'),
(43,4,2017,17302083960000,12,'2026-07-22 14:33:16','2026-07-22 14:33:16'),
(44,1,2017,677806000000,41,'2026-07-22 14:33:16','2026-07-22 14:33:16'),
(44,2,2017,330446167000,20,'2026-07-22 14:33:16','2026-07-22 14:33:16'),
(44,3,2017,188606270000,11,'2026-07-22 14:33:16','2026-07-22 14:33:16'),
(44,4,2017,463918285000,28,'2026-07-22 14:33:16','2026-07-22 14:33:16'),
(45,1,2017,3848000000,100,'2026-07-22 14:33:16','2026-07-22 14:33:16'),
(45,4,2017,0,0,'2026-07-22 14:33:16','2026-07-22 14:33:16'),
(46,1,2017,32925000001,34,'2026-07-22 14:33:16','2026-07-22 14:33:16'),
(46,2,2017,51395014000,54,'2026-07-22 14:33:16','2026-07-22 14:33:16'),
(46,4,2017,11301910000,12,'2026-07-22 14:33:16','2026-07-22 14:33:16'),
(47,1,2017,811000000,48,'2026-07-22 14:33:16','2026-07-22 14:33:16'),
(47,4,2017,866278000,52,'2026-07-22 14:33:16','2026-07-22 14:33:16'),
(48,1,2017,111736000000,52,'2026-07-22 14:33:16','2026-07-22 14:33:16'),
(48,3,2017,1930001,0,'2026-07-22 14:33:16','2026-07-22 14:33:16'),
(48,4,2017,102324238000,48,'2026-07-22 14:33:16','2026-07-22 14:33:16'),
(49,1,2017,149852000000,43,'2026-07-22 14:33:16','2026-07-22 14:33:16'),
(49,2,2017,95209959000,27,'2026-07-22 14:33:16','2026-07-22 14:33:16'),
(49,3,2017,15438061000,4,'2026-07-22 14:33:16','2026-07-22 14:33:16'),
(49,4,2017,90184577000,26,'2026-07-22 14:33:16','2026-07-22 14:33:16'),
(50,1,2017,352395000000,88,'2026-07-22 14:33:16','2026-07-22 14:33:16'),
(50,2,2017,41688669000,10,'2026-07-22 14:33:16','2026-07-22 14:33:16'),
(50,3,2017,17100000,0,'2026-07-22 14:33:16','2026-07-22 14:33:16'),
(50,4,2017,7392261000,2,'2026-07-22 14:33:16','2026-07-22 14:33:16'),
(52,1,2017,113001000000,96,'2026-07-22 14:33:16','2026-07-22 14:33:16'),
(52,3,2017,93200000,0,'2026-07-22 14:33:16','2026-07-22 14:33:16'),
(52,4,2017,4101847000,3,'2026-07-22 14:33:16','2026-07-22 14:33:16'),
(53,1,2017,436167000000,25,'2026-07-22 14:33:16','2026-07-22 14:33:16'),
(53,2,2017,317036897000,18,'2026-07-22 14:33:16','2026-07-22 14:33:16'),
(53,3,2017,660731170000,38,'2026-07-22 14:33:16','2026-07-22 14:33:16'),
(53,4,2017,337356726000,19,'2026-07-22 14:33:16','2026-07-22 14:33:16'),
(54,1,2017,88594000000,50,'2026-07-22 14:33:16','2026-07-22 14:33:16'),
(54,2,2017,81659153000,46,'2026-07-22 14:33:16','2026-07-22 14:33:16'),
(54,4,2017,8520479000,5,'2026-07-22 14:33:16','2026-07-22 14:33:16'),
(55,1,2017,42730000000,32,'2026-07-22 14:33:16','2026-07-22 14:33:16'),
(55,2,2017,0,0,'2026-07-22 14:33:16','2026-07-22 14:33:16'),
(55,3,2017,403423000,0,'2026-07-22 14:33:16','2026-07-22 14:33:16'),
(55,4,2017,88932277000,67,'2026-07-22 14:33:16','2026-07-22 14:33:16'),
(56,1,2017,328061000000,44,'2026-07-22 14:33:16','2026-07-22 14:33:16'),
(56,2,2017,123040067000,17,'2026-07-22 14:33:16','2026-07-22 14:33:16'),
(56,3,2017,61697244000,8,'2026-07-22 14:33:16','2026-07-22 14:33:16'),
(56,4,2017,224526094000,30,'2026-07-22 14:33:16','2026-07-22 14:33:16'),
(57,1,2017,12074000000,99,'2026-07-22 14:33:16','2026-07-22 14:33:16'),
(57,4,2017,78600000,1,'2026-07-22 14:33:16','2026-07-22 14:33:16'),
(58,1,2017,3344000000,85,'2026-07-22 14:33:16','2026-07-22 14:33:16'),
(58,4,2017,605649000,15,'2026-07-22 14:33:16','2026-07-22 14:33:16'),
(59,1,2017,244686000000,72,'2026-07-22 14:33:16','2026-07-22 14:33:16'),
(59,2,2017,42594962000,13,'2026-07-22 14:33:16','2026-07-22 14:33:16'),
(59,3,2017,27274289000,8,'2026-07-22 14:33:16','2026-07-22 14:33:16'),
(59,4,2017,25907696000,8,'2026-07-22 14:33:16','2026-07-22 14:33:16'),
(60,1,2017,509898000000,71,'2026-07-22 14:33:16','2026-07-22 14:33:16'),
(60,2,2017,16632534000,2,'2026-07-22 14:33:16','2026-07-22 14:33:16'),
(60,3,2017,405747000,0,'2026-07-22 14:33:16','2026-07-22 14:33:16'),
(60,4,2017,187748106000,26,'2026-07-22 14:33:16','2026-07-22 14:33:16'),
(61,1,2017,1658790000000,41,'2026-07-22 14:33:16','2026-07-22 14:33:16'),
(61,2,2017,2133997800000,53,'2026-07-22 14:33:16','2026-07-22 14:33:16'),
(61,3,2017,68495537000,2,'2026-07-22 14:33:16','2026-07-22 14:33:16'),
(61,4,2017,151073189000,4,'2026-07-22 14:33:16','2026-07-22 14:33:16'),
(62,1,2017,90611000000,69,'2026-07-22 14:33:16','2026-07-22 14:33:16'),
(62,4,2017,41665983000,31,'2026-07-22 14:33:16','2026-07-22 14:33:16'),
(63,1,2017,10726000000,18,'2026-07-22 14:33:16','2026-07-22 14:33:16'),
(63,2,2017,44049263000,74,'2026-07-22 14:33:16','2026-07-22 14:33:16'),
(63,4,2017,5035886000,8,'2026-07-22 14:33:16','2026-07-22 14:33:16'),
(64,1,2017,10417000000,96,'2026-07-22 14:33:16','2026-07-22 14:33:16'),
(64,4,2017,453852000,4,'2026-07-22 14:33:16','2026-07-22 14:33:16'),
(65,1,2017,59144000000,67,'2026-07-22 14:33:16','2026-07-22 14:33:16'),
(65,2,2017,18019655000,21,'2026-07-22 14:33:16','2026-07-22 14:33:16'),
(65,3,2017,965934000,1,'2026-07-22 14:33:16','2026-07-22 14:33:16'),
(65,4,2017,9655975000,11,'2026-07-22 14:33:16','2026-07-22 14:33:16'),
(66,1,2017,10658000000,52,'2026-07-22 14:33:16','2026-07-22 14:33:16'),
(66,3,2017,3306036000,16,'2026-07-22 14:33:16','2026-07-22 14:33:16'),
(66,4,2017,6475347000,32,'2026-07-22 14:33:16','2026-07-22 14:33:16'),
(67,1,2017,184304000000,57,'2026-07-22 14:33:16','2026-07-22 14:33:16'),
(67,2,2017,0,0,'2026-07-22 14:33:16','2026-07-22 14:33:16'),
(67,3,2017,12429124000,4,'2026-07-22 14:33:16','2026-07-22 14:33:16'),
(67,4,2017,126801698000,39,'2026-07-22 14:33:16','2026-07-22 14:33:16'),
(68,1,2017,9470000000,82,'2026-07-22 14:33:16','2026-07-22 14:33:16'),
(68,4,2017,2036210000,18,'2026-07-22 14:33:16','2026-07-22 14:33:16'),
(69,1,2017,0,0,'2026-07-22 14:33:16','2026-07-22 14:33:16'),
(69,4,2017,82900000,100,'2026-07-22 14:33:16','2026-07-22 14:33:16'),
(70,1,2017,33860000000,87,'2026-07-22 14:33:16','2026-07-22 14:33:16'),
(70,3,2017,68700,0,'2026-07-22 14:33:16','2026-07-22 14:33:16'),
(70,4,2017,5010136000,13,'2026-07-22 14:33:16','2026-07-22 14:33:16'),
(71,1,2017,437312000000,36,'2026-07-22 14:33:16','2026-07-22 14:33:16'),
(71,2,2017,85221120000,7,'2026-07-22 14:33:16','2026-07-22 14:33:16'),
(71,3,2017,116221258000,9,'2026-07-22 14:33:16','2026-07-22 14:33:16'),
(71,4,2017,589097036000,48,'2026-07-22 14:33:16','2026-07-22 14:33:16'),
(72,1,2017,3506510000000,34,'2026-07-22 14:33:16','2026-07-22 14:33:16'),
(72,2,2017,1639354357000,16,'2026-07-22 14:33:16','2026-07-22 14:33:16'),
(72,3,2017,378046203000,4,'2026-07-22 14:33:16','2026-07-22 14:33:16'),
(72,4,2017,4717752166000,46,'2026-07-22 14:33:16','2026-07-22 14:33:16'),
(73,4,2017,5699060000,36,'2026-07-22 14:33:16','2026-07-22 14:33:16'),
(74,1,2017,13631000000,90,'2026-07-22 14:33:16','2026-07-22 14:33:16'),
(74,4,2017,1568494000,10,'2026-07-22 14:33:16','2026-07-22 14:33:16'),
(75,1,2017,44637000000,65,'2026-07-22 14:33:16','2026-07-22 14:33:16'),
(75,2,2017,14826890000,22,'2026-07-22 14:33:16','2026-07-22 14:33:16'),
(75,4,2017,8917716000,13,'2026-07-22 14:33:16','2026-07-22 14:33:16'),
(76,1,2017,7564000000,100,'2026-07-22 14:33:16','2026-07-22 14:33:16'),
(76,4,2017,0,0,'2026-07-22 14:33:16','2026-07-22 14:33:16'),
(77,1,2017,62518000001,25,'2026-07-22 14:33:16','2026-07-22 14:33:16'),
(77,2,2017,84267913000,34,'2026-07-22 14:33:16','2026-07-22 14:33:16'),
(77,3,2017,8091186000,3,'2026-07-22 14:33:16','2026-07-22 14:33:16'),
(77,4,2017,91394163000,37,'2026-07-22 14:33:16','2026-07-22 14:33:16'),
(78,1,2017,5087403000000,36,'2026-07-22 14:33:16','2026-07-22 14:33:16'),
(78,2,2017,3398358444000,24,'2026-07-22 14:33:16','2026-07-22 14:33:16'),
(78,3,2017,2943227516000,21,'2026-07-22 14:33:16','2026-07-22 14:33:16'),
(78,4,2017,2633550626000,19,'2026-07-22 14:33:16','2026-07-22 14:33:16'),
(79,1,2017,175894000000,64,'2026-07-22 14:33:16','2026-07-22 14:33:16'),
(79,2,2017,45546413000,17,'2026-07-22 14:33:16','2026-07-22 14:33:16'),
(79,3,2017,1128827000,0,'2026-07-22 14:33:16','2026-07-22 14:33:16'),
(79,4,2017,51154878000,19,'2026-07-22 14:33:16','2026-07-22 14:33:16'),
(80,1,2017,192833000000,100,'2026-07-22 14:33:16','2026-07-22 14:33:16'),
(80,4,2017,0,0,'2026-07-22 14:33:16','2026-07-22 14:33:16'),
(81,1,2017,631388000000,54,'2026-07-22 14:33:16','2026-07-22 14:33:16'),
(81,2,2017,183621559000,16,'2026-07-22 14:33:16','2026-07-22 14:33:16'),
(81,3,2017,198637962000,17,'2026-07-22 14:33:16','2026-07-22 14:33:16'),
(81,4,2017,148067565000,13,'2026-07-22 14:33:16','2026-07-22 14:33:16'),
(82,1,2017,9073000000,72,'2026-07-22 14:33:16','2026-07-22 14:33:16'),
(82,3,2017,0,0,'2026-07-22 14:33:16','2026-07-22 14:33:16'),
(82,4,2017,3610792000,28,'2026-07-22 14:33:16','2026-07-22 14:33:16'),
(83,1,2017,4151000000,96,'2026-07-22 14:33:16','2026-07-22 14:33:16'),
(83,4,2017,187852000,4,'2026-07-22 14:33:16','2026-07-22 14:33:16'),
(84,4,2017,2010517000,7,'2026-07-22 14:33:16','2026-07-22 14:33:16'),
(85,1,2017,27177860000,97,'2026-07-22 14:33:16','2026-07-22 14:33:16'),
(85,4,2017,730640000,3,'2026-07-22 14:33:16','2026-07-22 14:33:16'),
(86,1,2017,187149000000,59,'2026-07-22 14:33:16','2026-07-22 14:33:16'),
(86,3,2017,50805970000,16,'2026-07-22 14:33:16','2026-07-22 14:33:16'),
(86,4,2017,78513071000,25,'2026-07-22 14:33:16','2026-07-22 14:33:16'),
(87,1,2017,37405000000,78,'2026-07-22 14:33:16','2026-07-22 14:33:16'),
(87,4,2017,10741986000,22,'2026-07-22 14:33:16','2026-07-22 14:33:16'),
(88,1,2017,4193000000,95,'2026-07-22 14:33:16','2026-07-22 14:33:16'),
(88,4,2017,202213000,5,'2026-07-22 14:33:16','2026-07-22 14:33:16'),
(89,1,2017,29889000000,99,'2026-07-22 14:33:16','2026-07-22 14:33:16'),
(89,4,2017,276867000,1,'2026-07-22 14:33:16','2026-07-22 14:33:16'),
(90,1,2017,47667000000,99,'2026-07-22 14:33:16','2026-07-22 14:33:16'),
(90,4,2017,496170000,1,'2026-07-22 14:33:16','2026-07-22 14:33:16'),
(92,1,2017,120678000000,70,'2026-07-22 14:33:16','2026-07-22 14:33:16'),
(92,3,2017,643953000,0,'2026-07-22 14:33:16','2026-07-22 14:33:16'),
(92,4,2017,50078098000,29,'2026-07-22 14:33:16','2026-07-22 14:33:16'),
(93,1,2017,887408000000,67,'2026-07-22 14:33:16','2026-07-22 14:33:16'),
(93,2,2017,124618401000,9,'2026-07-22 14:33:16','2026-07-22 14:33:16'),
(93,3,2017,270343778000,20,'2026-07-22 14:33:16','2026-07-22 14:33:16'),
(93,4,2017,39717429000,3,'2026-07-22 14:33:16','2026-07-22 14:33:16'),
(94,1,2017,339399000000,33,'2026-07-22 14:33:16','2026-07-22 14:33:16'),
(94,2,2017,375754042000,36,'2026-07-22 14:33:16','2026-07-22 14:33:16'),
(94,3,2017,102615885000,10,'2026-07-22 14:33:16','2026-07-22 14:33:16'),
(94,4,2017,224478527000,22,'2026-07-22 14:33:16','2026-07-22 14:33:16'),
(95,1,2017,43285000000,20,'2026-07-22 14:33:16','2026-07-22 14:33:16'),
(95,3,2017,3414237000,2,'2026-07-22 14:33:16','2026-07-22 14:33:16'),
(95,4,2017,174750255000,79,'2026-07-22 14:33:16','2026-07-22 14:33:16'),
(96,1,2017,8960232000000,29,'2026-07-22 14:33:16','2026-07-22 14:33:16'),
(96,2,2017,2086744340000,7,'2026-07-22 14:33:16','2026-07-22 14:33:16'),
(96,3,2017,16623472160000,55,'2026-07-22 14:33:16','2026-07-22 14:33:16'),
(96,4,2017,2806340106000,9,'2026-07-22 14:33:16','2026-07-22 14:33:16'),
(97,1,2017,3196394000000,45,'2026-07-22 14:33:16','2026-07-22 14:33:16'),
(97,2,2017,1629122869000,23,'2026-07-22 14:33:16','2026-07-22 14:33:16'),
(97,3,2017,2022823348001,28,'2026-07-22 14:33:16','2026-07-22 14:33:16'),
(97,4,2017,310348721000,4,'2026-07-22 14:33:16','2026-07-22 14:33:16'),
(98,1,2017,3653650000000,31,'2026-07-22 14:33:16','2026-07-22 14:33:16'),
(98,2,2017,7715467662000,67,'2026-07-22 14:33:16','2026-07-22 14:33:16'),
(98,3,2017,35349437000,0,'2026-07-22 14:33:16','2026-07-22 14:33:16'),
(98,4,2017,194800403000,2,'2026-07-22 14:33:16','2026-07-22 14:33:16'),
(99,1,2017,1714195000000,92,'2026-07-22 14:33:16','2026-07-22 14:33:16'),
(99,2,2017,97731021000,5,'2026-07-22 14:33:16','2026-07-22 14:33:16'),
(99,4,2017,53962765000,3,'2026-07-22 14:33:16','2026-07-22 14:33:16'),
(100,1,2017,316597000000,50,'2026-07-22 14:33:16','2026-07-22 14:33:16'),
(100,2,2017,196902625000,31,'2026-07-22 14:33:16','2026-07-22 14:33:16'),
(100,3,2017,44588983000,7,'2026-07-22 14:33:16','2026-07-22 14:33:16'),
(100,4,2017,80521810000,13,'2026-07-22 14:33:16','2026-07-22 14:33:16'),
(102,1,2017,489265000000,46,'2026-07-22 14:33:16','2026-07-22 14:33:16'),
(102,2,2017,360080738000,34,'2026-07-22 14:33:16','2026-07-22 14:33:16'),
(102,3,2017,205466922000,19,'2026-07-22 14:33:16','2026-07-22 14:33:16'),
(102,4,2017,0,0,'2026-07-22 14:33:16','2026-07-22 14:33:16'),
(103,1,2017,2531080000000,37,'2026-07-22 14:33:16','2026-07-22 14:33:16'),
(103,2,2017,2713724416000,40,'2026-07-22 14:33:16','2026-07-22 14:33:16'),
(103,3,2017,415628792000,6,'2026-07-22 14:33:16','2026-07-22 14:33:16'),
(103,4,2017,1111175100000,16,'2026-07-22 14:33:16','2026-07-22 14:33:16'),
(104,1,2017,111698000000,87,'2026-07-22 14:33:16','2026-07-22 14:33:16'),
(104,2,2017,7273815000,6,'2026-07-22 14:33:16','2026-07-22 14:33:16'),
(104,3,2017,2657166000,2,'2026-07-22 14:33:16','2026-07-22 14:33:16'),
(104,4,2017,6501879000,5,'2026-07-22 14:33:16','2026-07-22 14:33:16'),
(105,1,2017,7840978000000,40,'2026-07-22 14:33:16','2026-07-22 14:33:16'),
(105,2,2017,4792045526000,25,'2026-07-22 14:33:16','2026-07-22 14:33:16'),
(105,3,2017,4737816582000,24,'2026-07-22 14:33:16','2026-07-22 14:33:16'),
(105,4,2017,2032088709000,10,'2026-07-22 14:33:16','2026-07-22 14:33:16'),
(106,1,2017,258396000000,60,'2026-07-22 14:33:16','2026-07-22 14:33:16'),
(106,2,2017,154746283000,36,'2026-07-22 14:33:16','2026-07-22 14:33:16'),
(106,3,2017,3203518000,1,'2026-07-22 14:33:16','2026-07-22 14:33:16'),
(106,4,2017,14722863000,3,'2026-07-22 14:33:16','2026-07-22 14:33:16'),
(107,1,2017,640579000000,18,'2026-07-22 14:33:16','2026-07-22 14:33:16'),
(107,2,2017,568224071000,16,'2026-07-22 14:33:16','2026-07-22 14:33:16'),
(107,3,2017,2272770228000,64,'2026-07-22 14:33:16','2026-07-22 14:33:16'),
(107,4,2017,93276791000,3,'2026-07-22 14:33:16','2026-07-22 14:33:16'),
(108,1,2017,236840000000,73,'2026-07-22 14:33:16','2026-07-22 14:33:16'),
(108,3,2017,10520114000,3,'2026-07-22 14:33:16','2026-07-22 14:33:16'),
(108,4,2017,74897687000,23,'2026-07-22 14:33:16','2026-07-22 14:33:16'),
(109,1,2017,0,0,'2026-07-22 14:33:16','2026-07-22 14:33:16'),
(109,4,2017,46100000,100,'2026-07-22 14:33:16','2026-07-22 14:33:16'),
(110,1,2017,782616000000,49,'2026-07-22 14:33:16','2026-07-22 14:33:16'),
(110,2,2017,802722765000,50,'2026-07-22 14:33:16','2026-07-22 14:33:16'),
(110,3,2017,5670131000,0,'2026-07-22 14:33:16','2026-07-22 14:33:16'),
(110,4,2017,0,0,'2026-07-22 14:33:16','2026-07-22 14:33:16'),
(111,1,2017,70533000000,29,'2026-07-22 14:33:16','2026-07-22 14:33:16'),
(111,2,2017,6944833000,3,'2026-07-22 14:33:16','2026-07-22 14:33:16'),
(111,3,2017,39811651000,16,'2026-07-22 14:33:16','2026-07-22 14:33:16'),
(111,4,2017,124705830000,52,'2026-07-22 14:33:16','2026-07-22 14:33:16'),
(112,1,2017,37820000000,9,'2026-07-22 14:33:16','2026-07-22 14:33:16'),
(112,3,2017,269447534000,66,'2026-07-22 14:33:16','2026-07-22 14:33:16'),
(112,4,2017,98038223000,24,'2026-07-22 14:33:16','2026-07-22 14:33:16'),
(113,1,2017,92043000000,49,'2026-07-22 14:33:16','2026-07-22 14:33:16'),
(113,2,2017,44235966000,24,'2026-07-22 14:33:16','2026-07-22 14:33:16'),
(113,3,2017,1548231000,1,'2026-07-22 14:33:16','2026-07-22 14:33:16'),
(113,4,2017,49688809000,26,'2026-07-22 14:33:16','2026-07-22 14:33:16'),
(114,1,2017,369937000000,98,'2026-07-22 14:33:16','2026-07-22 14:33:16'),
(114,3,2017,2830591000,1,'2026-07-22 14:33:16','2026-07-22 14:33:16'),
(114,4,2017,3019780000,1,'2026-07-22 14:33:16','2026-07-22 14:33:16'),
(115,1,2017,9388000000,61,'2026-07-22 14:33:16','2026-07-22 14:33:16'),
(115,4,2017,5936212000,39,'2026-07-22 14:33:16','2026-07-22 14:33:16'),
(116,1,2017,16601000001,100,'2026-07-22 14:33:16','2026-07-22 14:33:16'),
(116,4,2017,0,0,'2026-07-22 14:33:16','2026-07-22 14:33:16'),
(117,1,2017,406366000000,71,'2026-07-22 14:33:16','2026-07-22 14:33:16'),
(117,2,2017,164532582000,29,'2026-07-22 14:33:16','2026-07-22 14:33:16'),
(117,4,2017,1002710000,0,'2026-07-22 14:33:16','2026-07-22 14:33:16'),
(119,1,2017,0,0,'2026-07-22 14:33:16','2026-07-22 14:33:16'),
(119,2,2017,90813799000,60,'2026-07-22 14:33:16','2026-07-22 14:33:16'),
(119,3,2017,6563285000,4,'2026-07-22 14:33:16','2026-07-22 14:33:16'),
(119,4,2017,53462421000,35,'2026-07-22 14:33:16','2026-07-22 14:33:16'),
(120,1,2017,124615000000,68,'2026-07-22 14:33:16','2026-07-22 14:33:16'),
(120,2,2017,30628695000,17,'2026-07-22 14:33:16','2026-07-22 14:33:16'),
(120,3,2017,1830960000,1,'2026-07-22 14:33:16','2026-07-22 14:33:16'),
(120,4,2017,26370909000,14,'2026-07-22 14:33:16','2026-07-22 14:33:16'),
(121,1,2017,29021000000,60,'2026-07-22 14:33:16','2026-07-22 14:33:16'),
(121,2,2017,6578150000,14,'2026-07-22 14:33:16','2026-07-22 14:33:16'),
(121,4,2017,13083374000,27,'2026-07-22 14:33:16','2026-07-22 14:33:16'),
(122,1,2017,37145000000,68,'2026-07-22 14:33:16','2026-07-22 14:33:16'),
(122,3,2017,8428315000,16,'2026-07-22 14:33:16','2026-07-22 14:33:16'),
(122,4,2017,8791311000,16,'2026-07-22 14:33:16','2026-07-22 14:33:16'),
(123,1,2017,11371000000,36,'2026-07-22 14:33:16','2026-07-22 14:33:16'),
(123,3,2017,2195191000,7,'2026-07-22 14:33:16','2026-07-22 14:33:16'),
(123,4,2017,17822140000,57,'2026-07-22 14:33:16','2026-07-22 14:33:16'),
(124,1,2017,1424099000000,41,'2026-07-22 14:33:16','2026-07-22 14:33:16'),
(124,2,2017,1132446820000,32,'2026-07-22 14:33:16','2026-07-22 14:33:16'),
(124,3,2017,708881110000,20,'2026-07-22 14:33:16','2026-07-22 14:33:16'),
(124,4,2017,249770540000,7,'2026-07-22 14:33:16','2026-07-22 14:33:16'),
(125,1,2017,24343000000,99,'2026-07-22 14:33:16','2026-07-22 14:33:16'),
(125,4,2017,361426000,1,'2026-07-22 14:33:16','2026-07-22 14:33:16'),
(126,1,2017,46919000000,78,'2026-07-22 14:33:16','2026-07-22 14:33:16'),
(126,4,2017,13621614000,22,'2026-07-22 14:33:16','2026-07-22 14:33:16'),
(127,1,2017,113708000000,88,'2026-07-22 14:33:16','2026-07-22 14:33:16'),
(127,2,2017,10327464000,8,'2026-07-22 14:33:16','2026-07-22 14:33:16'),
(127,3,2017,0,0,'2026-07-22 14:33:16','2026-07-22 14:33:16'),
(127,4,2017,4497026000,3,'2026-07-22 14:33:16','2026-07-22 14:33:16'),
(129,4,2017,707538000,2,'2026-07-22 14:33:16','2026-07-22 14:33:16'),
(130,1,2017,35506000000,90,'2026-07-22 14:33:16','2026-07-22 14:33:16'),
(130,2,2017,0,0,'2026-07-22 14:33:16','2026-07-22 14:33:16'),
(130,4,2017,3872962000,10,'2026-07-22 14:33:16','2026-07-22 14:33:16'),
(131,1,2017,65293000000,72,'2026-07-22 14:33:16','2026-07-22 14:33:16'),
(131,3,2017,18704882000,21,'2026-07-22 14:33:16','2026-07-22 14:33:16'),
(131,4,2017,6078462000,7,'2026-07-22 14:33:16','2026-07-22 14:33:16'),
(133,1,2017,3904164000000,50,'2026-07-22 14:33:16','2026-07-22 14:33:16'),
(133,2,2017,2861173018000,36,'2026-07-22 14:33:16','2026-07-22 14:33:16'),
(133,3,2017,500531525000,6,'2026-07-22 14:33:16','2026-07-22 14:33:16'),
(133,4,2017,602980078000,8,'2026-07-22 14:33:16','2026-07-22 14:33:16'),
(135,1,2017,36668000000,29,'2026-07-22 14:33:16','2026-07-22 14:33:16'),
(135,2,2017,80799118000,63,'2026-07-22 14:33:16','2026-07-22 14:33:16'),
(135,3,2017,4660140000,4,'2026-07-22 14:33:16','2026-07-22 14:33:16'),
(135,4,2017,5890359000,5,'2026-07-22 14:33:16','2026-07-22 14:33:16'),
(137,1,2017,55260000000,26,'2026-07-22 14:33:16','2026-07-22 14:33:16'),
(137,3,2017,151017431000,70,'2026-07-22 14:33:16','2026-07-22 14:33:16'),
(137,4,2017,9216289000,4,'2026-07-22 14:33:16','2026-07-22 14:33:16'),
(138,1,2017,17026000000,39,'2026-07-22 14:33:16','2026-07-22 14:33:16'),
(138,3,2017,12690830000,29,'2026-07-22 14:33:16','2026-07-22 14:33:16'),
(138,4,2017,13773913000,32,'2026-07-22 14:33:16','2026-07-22 14:33:16'),
(140,1,2017,573760000000,70,'2026-07-22 14:33:16','2026-07-22 14:33:16'),
(140,2,2017,46148050000,6,'2026-07-22 14:33:16','2026-07-22 14:33:16'),
(140,3,2017,136392753000,17,'2026-07-22 14:33:16','2026-07-22 14:33:16'),
(140,4,2017,63132834000,8,'2026-07-22 14:33:16','2026-07-22 14:33:16'),
(141,1,2017,86475000000,30,'2026-07-22 14:33:16','2026-07-22 14:33:16'),
(141,2,2017,71684386000,25,'2026-07-22 14:33:16','2026-07-22 14:33:16'),
(141,3,2017,424447000,0,'2026-07-22 14:33:16','2026-07-22 14:33:16'),
(141,4,2017,129375091000,45,'2026-07-22 14:33:16','2026-07-22 14:33:16'),
(142,1,2017,233548000000,45,'2026-07-22 14:33:16','2026-07-22 14:33:16'),
(142,2,2017,167610422000,32,'2026-07-22 14:33:16','2026-07-22 14:33:16'),
(142,3,2017,7702656000,1,'2026-07-22 14:33:16','2026-07-22 14:33:16'),
(142,4,2017,109924272000,21,'2026-07-22 14:33:16','2026-07-22 14:33:16'),
(143,1,2017,55668000000,70,'2026-07-22 14:33:16','2026-07-22 14:33:16'),
(143,2,2017,0,0,'2026-07-22 14:33:16','2026-07-22 14:33:16'),
(143,3,2017,64500000,0,'2026-07-22 14:33:16','2026-07-22 14:33:16'),
(143,4,2017,24035083000,30,'2026-07-22 14:33:16','2026-07-22 14:33:16'),
(145,1,2017,102742000000,64,'2026-07-22 14:33:16','2026-07-22 14:33:16'),
(145,3,2017,6466138000,4,'2026-07-22 14:33:16','2026-07-22 14:33:16'),
(145,4,2017,52013970000,32,'2026-07-22 14:33:16','2026-07-22 14:33:16'),
(146,1,2017,1981217000000,50,'2026-07-22 14:33:16','2026-07-22 14:33:16'),
(146,2,2017,1370718255000,35,'2026-07-22 14:33:16','2026-07-22 14:33:16'),
(146,3,2017,382986529000,10,'2026-07-22 14:33:16','2026-07-22 14:33:16'),
(146,4,2017,203210902000,5,'2026-07-22 14:33:16','2026-07-22 14:33:16'),
(147,1,2017,44377000000,57,'2026-07-22 14:33:16','2026-07-22 14:33:16'),
(147,3,2017,29999873000,38,'2026-07-22 14:33:16','2026-07-22 14:33:16'),
(147,4,2017,4108138000,5,'2026-07-22 14:33:16','2026-07-22 14:33:16'),
(148,1,2017,342124000000,38,'2026-07-22 14:33:16','2026-07-22 14:33:16'),
(148,2,2017,186247975000,21,'2026-07-22 14:33:16','2026-07-22 14:33:16'),
(148,3,2017,48425936000,5,'2026-07-22 14:33:16','2026-07-22 14:33:16'),
(148,4,2017,325700231000,36,'2026-07-22 14:33:16','2026-07-22 14:33:16'),
(149,1,2017,74026000000,75,'2026-07-22 14:33:16','2026-07-22 14:33:16'),
(149,4,2017,24649888000,25,'2026-07-22 14:33:16','2026-07-22 14:33:16'),
(150,1,2017,26127000000,76,'2026-07-22 14:33:16','2026-07-22 14:33:16'),
(150,3,2017,5611308000,16,'2026-07-22 14:33:16','2026-07-22 14:33:16'),
(150,4,2017,2571977000,7,'2026-07-22 14:33:16','2026-07-22 14:33:16'),
(151,1,2017,848955000000,55,'2026-07-22 14:33:16','2026-07-22 14:33:16'),
(151,2,2017,637926802000,41,'2026-07-22 14:33:16','2026-07-22 14:33:16'),
(151,3,2017,2292562000,0,'2026-07-22 14:33:16','2026-07-22 14:33:16'),
(151,4,2017,51085402000,3,'2026-07-22 14:33:16','2026-07-22 14:33:16'),
(153,1,2017,39314000000,12,'2026-07-22 14:33:16','2026-07-22 14:33:16'),
(153,3,2017,181984583000,55,'2026-07-22 14:33:16','2026-07-22 14:33:16'),
(153,4,2017,109040050000,33,'2026-07-22 14:33:16','2026-07-22 14:33:16'),
(154,1,2017,38102000000,38,'2026-07-22 14:33:16','2026-07-22 14:33:16'),
(154,2,2017,7252528000,7,'2026-07-22 14:33:16','2026-07-22 14:33:16'),
(154,3,2017,35276125000,35,'2026-07-22 14:33:16','2026-07-22 14:33:16'),
(154,4,2017,19375133000,19,'2026-07-22 14:33:16','2026-07-22 14:33:16'),
(156,1,2017,436853000000,23,'2026-07-22 14:33:16','2026-07-22 14:33:16'),
(156,2,2017,151070647000,8,'2026-07-22 14:33:16','2026-07-22 14:33:16'),
(156,3,2017,22312035000,1,'2026-07-22 14:33:16','2026-07-22 14:33:16'),
(156,4,2017,1291138873000,68,'2026-07-22 14:33:16','2026-07-22 14:33:16'),
(157,1,2017,346485000000,30,'2026-07-22 14:33:16','2026-07-22 14:33:16'),
(157,2,2017,791420479000,69,'2026-07-22 14:33:16','2026-07-22 14:33:16'),
(157,3,2017,1469952000,0,'2026-07-22 14:33:16','2026-07-22 14:33:16'),
(157,4,2017,1375431000,0,'2026-07-22 14:33:16','2026-07-22 14:33:16'),
(158,1,2017,1175675000000,37,'2026-07-22 14:33:16','2026-07-22 14:33:16'),
(158,2,2017,1379313517000,43,'2026-07-22 14:33:16','2026-07-22 14:33:16'),
(158,3,2017,227620763000,7,'2026-07-22 14:33:16','2026-07-22 14:33:16'),
(158,4,2017,400832825000,13,'2026-07-22 14:33:16','2026-07-22 14:33:16'),
(160,1,2017,360856000000,82,'2026-07-22 14:33:16','2026-07-22 14:33:16'),
(160,3,2017,7626676000,2,'2026-07-22 14:33:16','2026-07-22 14:33:16'),
(160,4,2017,70826511000,16,'2026-07-22 14:33:16','2026-07-22 14:33:16'),
(161,1,2017,82225000000,88,'2026-07-22 14:33:16','2026-07-22 14:33:16'),
(161,2,2017,3697481000,4,'2026-07-22 14:33:16','2026-07-22 14:33:16'),
(161,4,2017,7578484000,8,'2026-07-22 14:33:16','2026-07-22 14:33:16'),
(162,1,2017,121460000000,23,'2026-07-22 14:33:16','2026-07-22 14:33:16'),
(162,3,2017,0,0,'2026-07-22 14:33:16','2026-07-22 14:33:16'),
(162,4,2017,397226518000,77,'2026-07-22 14:33:16','2026-07-22 14:33:16'),
(163,1,2017,498309000000,45,'2026-07-22 14:33:16','2026-07-22 14:33:16'),
(163,2,2017,318701110000,28,'2026-07-22 14:33:16','2026-07-22 14:33:16'),
(163,3,2017,14170024000,1,'2026-07-22 14:33:16','2026-07-22 14:33:16'),
(163,4,2017,287342497000,26,'2026-07-22 14:33:16','2026-07-22 14:33:16'),
(164,1,2017,852237000000,47,'2026-07-22 14:33:16','2026-07-22 14:33:16'),
(164,2,2017,114843152000,6,'2026-07-22 14:33:16','2026-07-22 14:33:16'),
(164,3,2017,651774521000,36,'2026-07-22 14:33:16','2026-07-22 14:33:16'),
(164,4,2017,213274315000,12,'2026-07-22 14:33:16','2026-07-22 14:33:16'),
(165,1,2017,1306729000000,30,'2026-07-22 14:33:16','2026-07-22 14:33:16'),
(165,2,2017,677251786000,16,'2026-07-22 14:33:16','2026-07-22 14:33:16'),
(165,3,2017,2295406431000,53,'2026-07-22 14:33:16','2026-07-22 14:33:16'),
(165,4,2017,55087269000,1,'2026-07-22 14:33:16','2026-07-22 14:33:16'),
(166,1,2017,506657000000,47,'2026-07-22 14:33:16','2026-07-22 14:33:16'),
(166,2,2017,237626044000,22,'2026-07-22 14:33:16','2026-07-22 14:33:16'),
(166,3,2017,134548872001,12,'2026-07-22 14:33:16','2026-07-22 14:33:16'),
(166,4,2017,198288122000,18,'2026-07-22 14:33:16','2026-07-22 14:33:16'),
(167,1,2017,194675822000,74,'2026-07-22 14:33:16','2026-07-22 14:33:16'),
(167,2,2017,48615198000,18,'2026-07-22 14:33:16','2026-07-22 14:33:16'),
(167,3,2017,18258345000,7,'2026-07-22 14:33:16','2026-07-22 14:33:16'),
(167,4,2017,2948962000,1,'2026-07-22 14:33:16','2026-07-22 14:33:16'),
(168,1,2017,593798000000,27,'2026-07-22 14:33:16','2026-07-22 14:33:16'),
(168,2,2017,1564886672000,72,'2026-07-22 14:33:16','2026-07-22 14:33:16'),
(168,4,2017,817871000,0,'2026-07-22 14:33:16','2026-07-22 14:33:16'),
(169,1,2017,429475000000,30,'2026-07-22 14:33:16','2026-07-22 14:33:16'),
(169,2,2017,405022011000,29,'2026-07-22 14:33:16','2026-07-22 14:33:16'),
(169,3,2017,217836751000,15,'2026-07-22 14:33:16','2026-07-22 14:33:16'),
(169,4,2017,359066406000,25,'2026-07-22 14:33:16','2026-07-22 14:33:16'),
(170,1,2017,7288268000000,22,'2026-07-22 14:33:16','2026-07-22 14:33:16'),
(170,2,2017,16939406420000,52,'2026-07-22 14:33:16','2026-07-22 14:33:16'),
(170,3,2017,4931855771000,15,'2026-07-22 14:33:16','2026-07-22 14:33:16'),
(170,4,2017,3673213530000,11,'2026-07-22 14:33:16','2026-07-22 14:33:16'),
(171,1,2017,12771000000,81,'2026-07-22 14:33:16','2026-07-22 14:33:16'),
(171,2,2017,0,0,'2026-07-22 14:33:16','2026-07-22 14:33:16'),
(171,4,2017,3063435000,19,'2026-07-22 14:33:16','2026-07-22 14:33:16'),
(172,4,2017,9771585000,21,'2026-07-22 14:33:16','2026-07-22 14:33:16'),
(175,1,2017,3122000000,94,'2026-07-22 14:33:16','2026-07-22 14:33:16'),
(175,4,2017,195704000,6,'2026-07-22 14:33:16','2026-07-22 14:33:16'),
(176,1,2017,6491000000,93,'2026-07-22 14:33:16','2026-07-22 14:33:16'),
(176,4,2017,500213000,7,'2026-07-22 14:33:16','2026-07-22 14:33:16'),
(178,1,2017,991000000,50,'2026-07-22 14:33:16','2026-07-22 14:33:16'),
(178,4,2017,991000000,50,'2026-07-22 14:33:16','2026-07-22 14:33:16'),
(179,1,2017,5188000000,91,'2026-07-22 14:33:16','2026-07-22 14:33:16'),
(179,4,2017,484659000,9,'2026-07-22 14:33:16','2026-07-22 14:33:16'),
(181,1,2017,2151000000,91,'2026-07-22 14:33:16','2026-07-22 14:33:16'),
(181,4,2017,215491000,9,'2026-07-22 14:33:16','2026-07-22 14:33:16'),
(182,1,2017,6952439000000,63,'2026-07-22 14:33:16','2026-07-22 14:33:16'),
(182,2,2017,4040234766000,37,'2026-07-22 14:33:16','2026-07-22 14:33:16'),
(182,3,2017,2817599000,0,'2026-07-22 14:33:16','2026-07-22 14:33:16'),
(182,4,2017,1965444000,0,'2026-07-22 14:33:16','2026-07-22 14:33:16'),
(183,1,2017,109034000000,83,'2026-07-22 14:33:16','2026-07-22 14:33:16'),
(183,2,2017,1904892000,1,'2026-07-22 14:33:16','2026-07-22 14:33:16'),
(183,3,2017,14431707000,11,'2026-07-22 14:33:16','2026-07-22 14:33:16'),
(183,4,2017,5336405000,4,'2026-07-22 14:33:16','2026-07-22 14:33:16'),
(184,1,2017,120580000000,19,'2026-07-22 14:33:16','2026-07-22 14:33:16'),
(184,2,2017,95585607000,15,'2026-07-22 14:33:16','2026-07-22 14:33:16'),
(184,3,2017,318300103000,50,'2026-07-22 14:33:16','2026-07-22 14:33:16'),
(184,4,2017,107715004000,17,'2026-07-22 14:33:16','2026-07-22 14:33:16'),
(185,1,2017,15644000001,100,'2026-07-22 14:33:16','2026-07-22 14:33:16'),
(185,4,2017,0,0,'2026-07-22 14:33:16','2026-07-22 14:33:16'),
(186,1,2017,12576000000,94,'2026-07-22 14:33:16','2026-07-22 14:33:16'),
(186,4,2017,810542000,6,'2026-07-22 14:33:16','2026-07-22 14:33:16'),
(187,1,2017,3119345000000,86,'2026-07-22 14:33:16','2026-07-22 14:33:16'),
(187,2,2017,479275080000,13,'2026-07-22 14:33:16','2026-07-22 14:33:16'),
(187,3,2017,16092267000,0,'2026-07-22 14:33:16','2026-07-22 14:33:16'),
(187,4,2017,15665046000,0,'2026-07-22 14:33:16','2026-07-22 14:33:16'),
(189,1,2017,177176000000,24,'2026-07-22 14:33:16','2026-07-22 14:33:16'),
(189,2,2017,172521205000,24,'2026-07-22 14:33:16','2026-07-22 14:33:16'),
(189,3,2017,130475868000,18,'2026-07-22 14:33:16','2026-07-22 14:33:16'),
(189,4,2017,246255843000,34,'2026-07-22 14:33:16','2026-07-22 14:33:16'),
(190,1,2017,107285000000,38,'2026-07-22 14:33:16','2026-07-22 14:33:16'),
(190,2,2017,32556897000,11,'2026-07-22 14:33:16','2026-07-22 14:33:16'),
(190,3,2017,44267081000,16,'2026-07-22 14:33:16','2026-07-22 14:33:16'),
(190,4,2017,99803901000,35,'2026-07-22 14:33:16','2026-07-22 14:33:16'),
(191,1,2017,4353000000,91,'2026-07-22 14:33:16','2026-07-22 14:33:16'),
(191,4,2017,417491000,9,'2026-07-22 14:33:16','2026-07-22 14:33:16'),
(192,1,2017,11472000000,95,'2026-07-22 14:33:16','2026-07-22 14:33:16'),
(192,2,2017,0,0,'2026-07-22 14:33:16','2026-07-22 14:33:16'),
(192,4,2017,628621000,5,'2026-07-22 14:33:16','2026-07-22 14:33:16'),
(193,1,2017,1267674000000,22,'2026-07-22 14:33:16','2026-07-22 14:33:16'),
(193,2,2017,187573131000,3,'2026-07-22 14:33:16','2026-07-22 14:33:16'),
(193,3,2017,3975435715000,70,'2026-07-22 14:33:16','2026-07-22 14:33:16'),
(193,4,2017,242275468000,4,'2026-07-22 14:33:16','2026-07-22 14:33:16'),
(194,1,2017,5631412000000,44,'2026-07-22 14:33:16','2026-07-22 14:33:16'),
(194,2,2017,1877543260000,15,'2026-07-22 14:33:16','2026-07-22 14:33:16'),
(194,3,2017,3572272503000,28,'2026-07-22 14:33:16','2026-07-22 14:33:16'),
(194,4,2017,1577858102000,12,'2026-07-22 14:33:16','2026-07-22 14:33:16'),
(195,1,2017,16190000000,99,'2026-07-22 14:33:16','2026-07-22 14:33:16'),
(195,4,2017,217639000,1,'2026-07-22 14:33:16','2026-07-22 14:33:16'),
(196,1,2017,2696387000000,47,'2026-07-22 14:33:16','2026-07-22 14:33:16'),
(196,2,2017,1199535394000,21,'2026-07-22 14:33:16','2026-07-22 14:33:16'),
(196,3,2017,439943777000,8,'2026-07-22 14:33:16','2026-07-22 14:33:16'),
(196,4,2017,1390542035000,24,'2026-07-22 14:33:16','2026-07-22 14:33:16'),
(197,1,2017,279274000000,73,'2026-07-22 14:33:16','2026-07-22 14:33:16'),
(197,3,2017,61457931000,16,'2026-07-22 14:33:16','2026-07-22 14:33:16'),
(197,4,2017,42687933000,11,'2026-07-22 14:33:16','2026-07-22 14:33:16'),
(198,1,2017,2596000000,100,'2026-07-22 14:33:16','2026-07-22 14:33:16'),
(198,4,2017,0,0,'2026-07-22 14:33:16','2026-07-22 14:33:16'),
(199,1,2017,46448000000,70,'2026-07-22 14:33:16','2026-07-22 14:33:16'),
(199,4,2017,19485937000,30,'2026-07-22 14:33:16','2026-07-22 14:33:16'),
(200,1,2017,281858000000,77,'2026-07-22 14:33:16','2026-07-22 14:33:16'),
(200,2,2017,0,0,'2026-07-22 14:33:16','2026-07-22 14:33:16'),
(200,4,2017,86446194000,23,'2026-07-22 14:33:16','2026-07-22 14:33:16'),
(201,1,2017,28939000000,75,'2026-07-22 14:33:16','2026-07-22 14:33:16'),
(201,4,2017,9713993000,25,'2026-07-22 14:33:16','2026-07-22 14:33:16'),
(202,1,2017,659184000000,30,'2026-07-22 14:33:16','2026-07-22 14:33:16'),
(202,2,2017,29586240000,1,'2026-07-22 14:33:16','2026-07-22 14:33:16'),
(202,3,2017,70516872000,3,'2026-07-22 14:33:16','2026-07-22 14:33:16'),
(202,4,2017,1459423150000,66,'2026-07-22 14:33:16','2026-07-22 14:33:16'),
(203,1,2017,458135000000,39,'2026-07-22 14:33:16','2026-07-22 14:33:16'),
(203,2,2017,133854838000,11,'2026-07-22 14:33:16','2026-07-22 14:33:16'),
(203,3,2017,2448931000,0,'2026-07-22 14:33:16','2026-07-22 14:33:16'),
(203,4,2017,577310930000,49,'2026-07-22 14:33:16','2026-07-22 14:33:16'),
(204,1,2017,250146000000,63,'2026-07-22 14:33:16','2026-07-22 14:33:16'),
(204,2,2017,138618717000,35,'2026-07-22 14:33:16','2026-07-22 14:33:16'),
(204,3,2017,357727000,0,'2026-07-22 14:33:16','2026-07-22 14:33:16'),
(204,4,2017,5485856000,1,'2026-07-22 14:33:16','2026-07-22 14:33:16'),
(205,1,2017,2067724000000,44,'2026-07-22 14:33:16','2026-07-22 14:33:16'),
(205,2,2017,876418335000,19,'2026-07-22 14:33:16','2026-07-22 14:33:16'),
(205,3,2017,1395784381000,30,'2026-07-22 14:33:16','2026-07-22 14:33:16'),
(205,4,2017,332922669000,7,'2026-07-22 14:33:16','2026-07-22 14:33:16'),
(206,1,2017,36768000000,16,'2026-07-22 14:33:16','2026-07-22 14:33:16'),
(206,2,2017,701531000,0,'2026-07-22 14:33:16','2026-07-22 14:33:16'),
(206,3,2017,35735567000,16,'2026-07-22 14:33:16','2026-07-22 14:33:16'),
(206,4,2017,152056535000,68,'2026-07-22 14:33:16','2026-07-22 14:33:16'),
(207,1,2017,142077000000,49,'2026-07-22 14:33:16','2026-07-22 14:33:16'),
(207,2,2017,114646500000,40,'2026-07-22 14:33:16','2026-07-22 14:33:16'),
(207,3,2017,8887364000,3,'2026-07-22 14:33:16','2026-07-22 14:33:16'),
(207,4,2017,21779707000,8,'2026-07-22 14:33:16','2026-07-22 14:33:16'),
(208,1,2017,2659756000000,48,'2026-07-22 14:33:16','2026-07-22 14:33:16'),
(208,2,2017,1815811142000,33,'2026-07-22 14:33:16','2026-07-22 14:33:16'),
(208,3,2017,682019116000,12,'2026-07-22 14:33:16','2026-07-22 14:33:16'),
(208,4,2017,361425308000,7,'2026-07-22 14:33:16','2026-07-22 14:33:16'),
(209,1,2017,8615000000,100,'2026-07-22 14:33:16','2026-07-22 14:33:16'),
(209,2,2017,0,0,'2026-07-22 14:33:16','2026-07-22 14:33:16'),
(209,4,2017,0,0,'2026-07-22 14:33:16','2026-07-22 14:33:16'),
(210,1,2017,31053000000,76,'2026-07-22 14:33:16','2026-07-22 14:33:16'),
(210,3,2017,3451674000,8,'2026-07-22 14:33:16','2026-07-22 14:33:16'),
(210,4,2017,6603410000,16,'2026-07-22 14:33:16','2026-07-22 14:33:16'),
(212,1,2017,1807000000,100,'2026-07-22 14:33:16','2026-07-22 14:33:16'),
(212,4,2017,0,0,'2026-07-22 14:33:16','2026-07-22 14:33:16'),
(213,1,2017,119887000000,13,'2026-07-22 14:33:16','2026-07-22 14:33:16'),
(213,2,2017,783814105000,87,'2026-07-22 14:33:16','2026-07-22 14:33:16'),
(213,3,2017,127695000,0,'2026-07-22 14:33:16','2026-07-22 14:33:16'),
(213,4,2017,0,0,'2026-07-22 14:33:16','2026-07-22 14:33:16'),
(214,1,2017,207148000000,51,'2026-07-22 14:33:16','2026-07-22 14:33:16'),
(214,2,2017,195267574000,48,'2026-07-22 14:33:16','2026-07-22 14:33:16'),
(214,3,2017,94500000,0,'2026-07-22 14:33:16','2026-07-22 14:33:16'),
(214,4,2017,5957307000,1,'2026-07-22 14:33:16','2026-07-22 14:33:16'),
(215,1,2017,2012806000000,31,'2026-07-22 14:33:16','2026-07-22 14:33:16'),
(215,2,2017,1945599089000,30,'2026-07-22 14:33:16','2026-07-22 14:33:16'),
(215,3,2017,1657763761000,26,'2026-07-22 14:33:16','2026-07-22 14:33:16'),
(215,4,2017,816328927000,13,'2026-07-22 14:33:16','2026-07-22 14:33:16'),
(216,1,2017,293851000000,17,'2026-07-22 14:33:16','2026-07-22 14:33:16'),
(216,2,2017,1453654385000,83,'2026-07-22 14:33:16','2026-07-22 14:33:16'),
(216,4,2017,0,0,'2026-07-22 14:33:16','2026-07-22 14:33:16'),
(217,1,2017,4303000000,93,'2026-07-22 14:33:16','2026-07-22 14:33:16'),
(217,4,2017,303000000,7,'2026-07-22 14:33:16','2026-07-22 14:33:16'),
(219,1,2017,33931448001,100,'2026-07-22 14:33:16','2026-07-22 14:33:16'),
(219,4,2017,60400000,0,'2026-07-22 14:33:16','2026-07-22 14:33:16'),
(220,1,2017,64088000001,66,'2026-07-22 14:33:16','2026-07-22 14:33:16'),
(220,2,2017,0,0,'2026-07-22 14:33:16','2026-07-22 14:33:16'),
(220,4,2017,33092787000,34,'2026-07-22 14:33:16','2026-07-22 14:33:16'),
(221,1,2017,474101000000,13,'2026-07-22 14:33:16','2026-07-22 14:33:16'),
(221,2,2017,1089852395001,30,'2026-07-22 14:33:16','2026-07-22 14:33:16'),
(221,3,2017,1071167682000,29,'2026-07-22 14:33:16','2026-07-22 14:33:16'),
(221,4,2017,997073230000,27,'2026-07-22 14:33:16','2026-07-22 14:33:16'),
(222,1,2017,1833681000000,39,'2026-07-22 14:33:16','2026-07-22 14:33:16'),
(222,2,2017,2753954862000,59,'2026-07-22 14:33:16','2026-07-22 14:33:16'),
(222,3,2017,72370593000,2,'2026-07-22 14:33:16','2026-07-22 14:33:16'),
(222,4,2017,6997779000,0,'2026-07-22 14:33:16','2026-07-22 14:33:16'),
(223,1,2017,3233622000000,39,'2026-07-22 14:33:16','2026-07-22 14:33:16'),
(223,2,2017,2974818736000,36,'2026-07-22 14:33:16','2026-07-22 14:33:16'),
(223,3,2017,377337270000,5,'2026-07-22 14:33:16','2026-07-22 14:33:16'),
(223,4,2017,1605071777000,20,'2026-07-22 14:33:16','2026-07-22 14:33:16'),
(224,1,2017,37530989000000,38,'2026-07-22 14:33:16','2026-07-22 14:33:16'),
(224,2,2017,28055082000000,29,'2026-07-22 14:33:16','2026-07-22 14:33:16'),
(224,3,2017,13837465000000,14,'2026-07-22 14:33:16','2026-07-22 14:33:16'),
(224,4,2017,18237625460000,19,'2026-07-22 14:33:16','2026-07-22 14:33:16'),
(225,1,2017,99112000000,45,'2026-07-22 14:33:16','2026-07-22 14:33:16'),
(225,2,2017,2659458000,1,'2026-07-22 14:33:16','2026-07-22 14:33:16'),
(225,3,2017,516000,0,'2026-07-22 14:33:16','2026-07-22 14:33:16'),
(225,4,2017,117634319000,54,'2026-07-22 14:33:16','2026-07-22 14:33:16'),
(226,1,2017,100265000000,6,'2026-07-22 14:33:16','2026-07-22 14:33:16'),
(226,2,2017,1546516739000,86,'2026-07-22 14:33:16','2026-07-22 14:33:16'),
(226,3,2017,76982379000,4,'2026-07-22 14:33:16','2026-07-22 14:33:16'),
(226,4,2017,74490562000,4,'2026-07-22 14:33:16','2026-07-22 14:33:16'),
(227,1,2017,2488000000,81,'2026-07-22 14:33:16','2026-07-22 14:33:16'),
(227,4,2017,571838000,19,'2026-07-22 14:33:16','2026-07-22 14:33:16'),
(228,1,2017,970920000000,39,'2026-07-22 14:33:16','2026-07-22 14:33:16'),
(228,2,2017,928975952000,37,'2026-07-22 14:33:16','2026-07-22 14:33:16'),
(228,3,2017,4057159001,0,'2026-07-22 14:33:16','2026-07-22 14:33:16'),
(228,4,2017,588615837000,24,'2026-07-22 14:33:16','2026-07-22 14:33:16'),
(229,1,2017,903215000000,28,'2026-07-22 14:33:16','2026-07-22 14:33:16'),
(229,2,2017,295910626000,9,'2026-07-22 14:33:16','2026-07-22 14:33:16'),
(229,3,2017,1389320402000,43,'2026-07-22 14:33:16','2026-07-22 14:33:16'),
(229,4,2017,654067685000,20,'2026-07-22 14:33:16','2026-07-22 14:33:16'),
(231,1,2017,3011000000,100,'2026-07-22 14:33:16','2026-07-22 14:33:16'),
(231,4,2017,11000000,0,'2026-07-22 14:33:16','2026-07-22 14:33:16'),
(232,1,2017,109820000000,79,'2026-07-22 14:33:16','2026-07-22 14:33:16'),
(232,2,2017,18698691000,14,'2026-07-22 14:33:16','2026-07-22 14:33:16'),
(232,3,2017,8836036000,6,'2026-07-22 14:33:16','2026-07-22 14:33:16'),
(232,4,2017,1142049000,1,'2026-07-22 14:33:16','2026-07-22 14:33:16'),
(233,1,2017,62752000000,35,'2026-07-22 14:33:16','2026-07-22 14:33:16'),
(233,3,2017,4750680000,3,'2026-07-22 14:33:16','2026-07-22 14:33:16'),
(233,4,2017,110475040000,62,'2026-07-22 14:33:16','2026-07-22 14:33:16'),
(234,1,2017,50739000000,32,'2026-07-22 14:33:16','2026-07-22 14:33:16'),
(234,3,2017,65505135001,41,'2026-07-22 14:33:16','2026-07-22 14:33:16'),
(234,4,2017,42209625000,27,'2026-07-22 14:33:16','2026-07-22 14:33:16');
/*!40000 ALTER TABLE `Komposisi_Energi` ENABLE KEYS */;
UNLOCK TABLES;
COMMIT;
SET AUTOCOMMIT=@OLD_AUTOCOMMIT;

--
-- Table structure for table `Negara`
--

DROP TABLE IF EXISTS `Negara`;
/*!40101 SET @saved_cs_client     = @@character_set_client */;
/*!40101 SET character_set_client = utf8mb4 */;
CREATE TABLE `Negara` (
  `id_negara` smallint(6) NOT NULL,
  `nama_negara` varchar(100) NOT NULL,
  `nama_benua` varchar(100) DEFAULT NULL,
  PRIMARY KEY (`id_negara`)
) ENGINE=InnoDB DEFAULT CHARSET=utf8mb4 COLLATE=utf8mb4_uca1400_ai_ci;
/*!40101 SET character_set_client = @saved_cs_client */;

--
-- Dumping data for table `Negara`
--

SET @OLD_AUTOCOMMIT=@@AUTOCOMMIT, @@AUTOCOMMIT=0;
LOCK TABLES `Negara` WRITE;
/*!40000 ALTER TABLE `Negara` DISABLE KEYS */;
INSERT INTO `Negara` VALUES
(1,'Afghanistan','Asia'),
(2,'Albania','Europe'),
(3,'Algeria','Africa'),
(4,'American Samoa','Oceania'),
(5,'Andorra','Europe'),
(6,'Angola','Africa'),
(7,'Anguilla','Latin America and the Caribbean'),
(8,'Antigua and Barbuda','Latin America and the Caribbean'),
(9,'Argentina','Latin America and the Caribbean'),
(10,'Armenia','Asia'),
(11,'Aruba','Latin America and the Caribbean'),
(12,'Australia','Oceania'),
(13,'Austria','Europe'),
(14,'Azerbaijan','Asia'),
(15,'Bahamas','Latin America and the Caribbean'),
(16,'Bahrain','Asia'),
(17,'Bangladesh','Asia'),
(18,'Barbados','Latin America and the Caribbean'),
(19,'Belarus','Europe'),
(20,'Belgium','Europe'),
(21,'Belize','Latin America and the Caribbean'),
(22,'Benin','Africa'),
(23,'Bermuda','Northern America'),
(24,'Bhutan','Asia'),
(25,'Bolivia','Latin America and the Caribbean'),
(26,'Bosnia and Herzegovina','Europe'),
(27,'Botswana','Africa'),
(28,'Brazil','Latin America and the Caribbean'),
(29,'British Virgin Islands','Latin America and the Caribbean'),
(30,'Brunei','Asia'),
(31,'Bulgaria','Europe'),
(32,'Burkina Faso','Africa'),
(33,'Burundi','Africa'),
(34,'Cabo Verde','Africa'),
(35,'Cambodia','Asia'),
(36,'Cameroon','Africa'),
(37,'Canada','Northern America'),
(38,'Caribbean Netherlands','Latin America and the Caribbean'),
(39,'Cayman Islands','Latin America and the Caribbean'),
(40,'Central African Republic','Africa'),
(41,'Chad','Africa'),
(42,'Chile','Latin America and the Caribbean'),
(43,'China','Asia'),
(44,'Colombia','Latin America and the Caribbean'),
(45,'Comoros','Africa'),
(46,'Congo','Africa'),
(47,'Cook Islands','Oceania'),
(48,'Costa Rica','Latin America and the Caribbean'),
(49,'Croatia','Europe'),
(50,'Cuba','Latin America and the Caribbean'),
(51,'Curaçao','Latin America and the Caribbean'),
(52,'Cyprus','Asia'),
(53,'Czech Republic (Czechia)','Europe'),
(54,'Côte d\'Ivoire','Africa'),
(55,'DR Congo','Africa'),
(56,'Denmark','Europe'),
(57,'Djibouti','Africa'),
(58,'Dominica','Latin America and the Caribbean'),
(59,'Dominican Republic','Latin America and the Caribbean'),
(60,'Ecuador','Latin America and the Caribbean'),
(61,'Egypt','Africa'),
(62,'El Salvador','Latin America and the Caribbean'),
(63,'Equatorial Guinea','Africa'),
(64,'Eritrea','Africa'),
(65,'Estonia','Europe'),
(66,'Eswatini','Africa'),
(67,'Ethiopia','Africa'),
(68,'Faeroe Islands','Europe'),
(69,'Falkland Islands','Latin America and the Caribbean'),
(70,'Fiji','Oceania'),
(71,'Finland','Europe'),
(72,'France','Europe'),
(73,'French Guiana','Latin America and the Caribbean'),
(74,'French Polynesia','Oceania'),
(75,'Gabon','Africa'),
(76,'Gambia','Africa'),
(77,'Georgia','Asia'),
(78,'Germany','Europe'),
(79,'Ghana','Africa'),
(80,'Gibraltar','Europe'),
(81,'Greece','Europe'),
(82,'Greenland','Northern America'),
(83,'Grenada','Latin America and the Caribbean'),
(84,'Guadeloupe','Latin America and the Caribbean'),
(85,'Guam','Oceania'),
(86,'Guatemala','Latin America and the Caribbean'),
(87,'Guinea','Africa'),
(88,'Guinea-Bissau','Africa'),
(89,'Guyana','Latin America and the Caribbean'),
(90,'Haiti','Latin America and the Caribbean'),
(91,'Holy See','Europe'),
(92,'Honduras','Latin America and the Caribbean'),
(93,'Hong Kong','Asia'),
(94,'Hungary','Europe'),
(95,'Iceland','Europe'),
(96,'India','Asia'),
(97,'Indonesia','Asia'),
(98,'Iran','Asia'),
(99,'Iraq','Asia'),
(100,'Ireland','Europe'),
(101,'Isle of Man','Europe'),
(102,'Israel','Asia'),
(103,'Italy','Europe'),
(104,'Jamaica','Latin America and the Caribbean'),
(105,'Japan','Asia'),
(106,'Jordan','Asia'),
(107,'Kazakhstan','Asia'),
(108,'Kenya','Africa'),
(109,'Kiribati','Oceania'),
(110,'Kuwait','Asia'),
(111,'Kyrgyzstan','Asia'),
(112,'Laos','Asia'),
(113,'Latvia','Europe'),
(114,'Lebanon','Asia'),
(115,'Lesotho','Africa'),
(116,'Liberia','Africa'),
(117,'Libya','Africa'),
(118,'Liechtenstein','Europe'),
(119,'Lithuania','Europe'),
(120,'Luxembourg','Europe'),
(121,'Macao','Asia'),
(122,'Madagascar','Africa'),
(123,'Malawi','Africa'),
(124,'Malaysia','Asia'),
(125,'Maldives','Asia'),
(126,'Mali','Africa'),
(127,'Malta','Europe'),
(128,'Marshall Islands','Oceania'),
(129,'Martinique','Latin America and the Caribbean'),
(130,'Mauritania','Africa'),
(131,'Mauritius','Africa'),
(132,'Mayotte','Africa'),
(133,'Mexico','Latin America and the Caribbean'),
(134,'Micronesia','Oceania'),
(135,'Moldova','Europe'),
(136,'Monaco','Europe'),
(137,'Mongolia','Asia'),
(138,'Montenegro','Europe'),
(139,'Montserrat','Latin America and the Caribbean'),
(140,'Morocco','Africa'),
(141,'Mozambique','Africa'),
(142,'Myanmar','Asia'),
(143,'Namibia','Africa'),
(144,'Nauru','Oceania'),
(145,'Nepal','Asia'),
(146,'Netherlands','Europe'),
(147,'New Caledonia','Oceania'),
(148,'New Zealand','Oceania'),
(149,'Nicaragua','Latin America and the Caribbean'),
(150,'Niger','Africa'),
(151,'Nigeria','Africa'),
(152,'Niue','Oceania'),
(153,'North Korea','Asia'),
(154,'North Macedonia','Europe'),
(155,'Northern Mariana Islands','Oceania'),
(156,'Norway','Europe'),
(157,'Oman','Asia'),
(158,'Pakistan','Asia'),
(159,'Palau','Oceania'),
(160,'Panama','Latin America and the Caribbean'),
(161,'Papua New Guinea','Oceania'),
(162,'Paraguay','Latin America and the Caribbean'),
(163,'Peru','Latin America and the Caribbean'),
(164,'Philippines','Asia'),
(165,'Poland','Europe'),
(166,'Portugal','Europe'),
(167,'Puerto Rico','Latin America and the Caribbean'),
(168,'Qatar','Asia'),
(169,'Romania','Europe'),
(170,'Russia','Europe'),
(171,'Rwanda','Africa'),
(172,'Réunion','Africa'),
(173,'Saint Barthelemy','Latin America and the Caribbean'),
(174,'Saint Helena','Africa'),
(175,'Saint Kitts & Nevis','Latin America and the Caribbean'),
(176,'Saint Lucia','Latin America and the Caribbean'),
(177,'Saint Martin','Latin America and the Caribbean'),
(178,'Saint Pierre & Miquelon','Northern America'),
(179,'Samoa','Oceania'),
(180,'San Marino','Europe'),
(181,'Sao Tome & Principe','Africa'),
(182,'Saudi Arabia','Asia'),
(183,'Senegal','Africa'),
(184,'Serbia','Europe'),
(185,'Seychelles','Africa'),
(186,'Sierra Leone','Africa'),
(187,'Singapore','Asia'),
(188,'Sint Maarten','Latin America and the Caribbean'),
(189,'Slovakia','Europe'),
(190,'Slovenia','Europe'),
(191,'Solomon Islands','Oceania'),
(192,'Somalia','Africa'),
(193,'South Africa','Africa'),
(194,'South Korea','Asia'),
(195,'South Sudan','Africa'),
(196,'Spain','Europe'),
(197,'Sri Lanka','Asia'),
(198,'St. Vincent & Grenadines','Latin America and the Caribbean'),
(199,'State of Palestine','Asia'),
(200,'Sudan','Africa'),
(201,'Suriname','Latin America and the Caribbean'),
(202,'Sweden','Europe'),
(203,'Switzerland','Europe'),
(204,'Syria','Asia'),
(205,'Taiwan','Asia'),
(206,'Tajikistan','Asia'),
(207,'Tanzania','Africa'),
(208,'Thailand','Asia'),
(209,'Timor-Leste','Asia'),
(210,'Togo','Africa'),
(211,'Tokelau','Oceania'),
(212,'Tonga','Oceania'),
(213,'Trinidad and Tobago','Latin America and the Caribbean'),
(214,'Tunisia','Africa'),
(215,'Turkey','Asia'),
(216,'Turkmenistan','Asia'),
(217,'Turks and Caicos','Latin America and the Caribbean'),
(218,'Tuvalu','Oceania'),
(219,'U.S. Virgin Islands','Latin America and the Caribbean'),
(220,'Uganda','Africa'),
(221,'Ukraine','Europe'),
(222,'United Arab Emirates','Asia'),
(223,'United Kingdom','Europe'),
(224,'United States','Northern America'),
(225,'Uruguay','Latin America and the Caribbean'),
(226,'Uzbekistan','Asia'),
(227,'Vanuatu','Oceania'),
(228,'Venezuela','Latin America and the Caribbean'),
(229,'Vietnam','Asia'),
(230,'Wallis & Futuna','Oceania'),
(231,'Western Sahara','Africa'),
(232,'Yemen','Asia'),
(233,'Zambia','Africa'),
(234,'Zimbabwe','Africa');
/*!40000 ALTER TABLE `Negara` ENABLE KEYS */;
UNLOCK TABLES;
COMMIT;
SET AUTOCOMMIT=@OLD_AUTOCOMMIT;

--
-- Table structure for table `Tahun`
--

DROP TABLE IF EXISTS `Tahun`;
/*!40101 SET @saved_cs_client     = @@character_set_client */;
/*!40101 SET character_set_client = utf8mb4 */;
CREATE TABLE `Tahun` (
  `tahun` smallint(6) NOT NULL,
  `dekade` varchar(10) NOT NULL,
  PRIMARY KEY (`tahun`)
) ENGINE=InnoDB DEFAULT CHARSET=utf8mb4 COLLATE=utf8mb4_uca1400_ai_ci;
/*!40101 SET character_set_client = @saved_cs_client */;

--
-- Dumping data for table `Tahun`
--

SET @OLD_AUTOCOMMIT=@@AUTOCOMMIT, @@AUTOCOMMIT=0;
LOCK TABLES `Tahun` WRITE;
/*!40000 ALTER TABLE `Tahun` DISABLE KEYS */;
INSERT INTO `Tahun` VALUES
(2017,'2010s'),
(2024,'2020s');
/*!40000 ALTER TABLE `Tahun` ENABLE KEYS */;
UNLOCK TABLES;
COMMIT;
SET AUTOCOMMIT=@OLD_AUTOCOMMIT;

--
-- Dumping events for database 'Data_Warehouse'
--
/*!50106 SET @save_time_zone= @@TIME_ZONE */ ;
/*!50106 DROP EVENT IF EXISTS `sync_data` */;
DELIMITER ;;
/*!50003 SET @saved_cs_client      = @@character_set_client */ ;;
/*!50003 SET @saved_cs_results     = @@character_set_results */ ;;
/*!50003 SET @saved_col_connection = @@collation_connection */ ;;
/*!50003 SET character_set_client  = utf8mb4 */ ;;
/*!50003 SET character_set_results = utf8mb4 */ ;;
/*!50003 SET collation_connection  = utf8mb4_uca1400_ai_ci */ ;;
/*!50003 SET @saved_sql_mode       = @@sql_mode */ ;;
/*!50003 SET sql_mode              = 'STRICT_TRANS_TABLES,ERROR_FOR_DIVISION_BY_ZERO,NO_AUTO_CREATE_USER,NO_ENGINE_SUBSTITUTION' */ ;;
/*!50003 SET @saved_time_zone      = @@time_zone */ ;;
/*!50003 SET time_zone             = 'SYSTEM' */ ;;
/*!50106 CREATE*/ /*!50117 DEFINER=`root`@`localhost`*/ /*!50106 EVENT `sync_data` ON SCHEDULE EVERY 1 WEEK STARTS '2027-01-01 01:00:00' ON COMPLETION PRESERVE ENABLE DO BEGIN
    INSERT INTO Tahun (tahun, dekade)
    SELECT tahun, CONCAT(FLOOR(tahun/10)*10, 's')
    FROM Data_Storing.Tahun
    ON DUPLICATE KEY UPDATE
    dekade = VALUES(dekade);

    INSERT INTO Negara (id_negara, nama_negara, nama_benua)
    SELECT DISTINCT n.id_negara, n.nama_negara, b.nama_benua
    FROM Data_Storing.Negara n
    LEFT JOIN Data_Storing.Benua b ON n.id_benua = b.id_benua
    LEFT JOIN Data_Storing.Indikator_GDP g ON n.id_negara = g.id_negara AND g.tahun IS NOT NULL
    ON DUPLICATE KEY UPDATE
    nama_negara = VALUES(nama_negara),
    nama_benua = VALUES(nama_benua);

    INSERT INTO Jenis_Energi (id_jenis, nama_jenis, kategori)
    SELECT id_jenis, nama_jenis,
    CASE WHEN nama_jenis IN ('Oil', 'Gas', 'Coal') THEN 'Fosil' ELSE 'Non-Fosil' END
    FROM Data_Storing.Jenis_Energi
    ON DUPLICATE KEY UPDATE
    nama_jenis = VALUES(nama_jenis),
    kategori = VALUES(kategori);

    INSERT INTO Indikator_Negara (id_negara, tahun, jenis_kategori_ekonomi, nilai_gdp, gdp_per_capita, persentase_gdp_dunia, rank_gdp,
    jumlah_populasi, kepadatan_penduduk, persentase_penduduk_urban, usia_median, tingkat_fertilitas, rank_populasi, emisi_co2, emisi_co2_per_capita, rank_co2,
    konsumsi_energi_total, konsumsi_energi_per_capita, rank_energi)
    SELECT g.id_negara, g.tahun, 
    CASE 
        WHEN g.gdp_per_capita <= 1175 THEN 'Low Income'
        WHEN g.gdp_per_capita > 1175 AND g.gdp_per_capita <= 4635 THEN 'Lower middle income'
        WHEN g.gdp_per_capita > 4635 AND g.gdp_per_capita <= 14375 THEN 'Upper middle income'
        ELSE 'High income'
    END AS jenis_kategori_ekonomi,
    g.nilai_gdp, g.gdp_per_capita, g.persentase_gdp_dunia, g.rank_gdp,
    p.jumlah_populasi, p.kepadatan_penduduk, p.persentase_penduduk_urban, p.usia_median, p.tingkat_fertilitas, p.rank_populasi, c.emisi_co2, c.emisi_co2_per_capita, c.rank_co2,
    e.konsumsi_energi_total, e.konsumsi_per_capita, e.rank_energi
    FROM Data_Storing.Indikator_GDP g
    LEFT JOIN Data_Storing.Indikator_Populasi p ON g.id_negara = p.id_negara AND g.tahun = p.tahun
    LEFT JOIN Data_Storing.Indikator_CO2 c ON g.id_negara = c.id_negara AND g.tahun = c.tahun
    LEFT JOIN Data_Storing.Indikator_Energi e ON g.id_negara = e.id_negara AND g.tahun = e.tahun
    ON DUPLICATE KEY UPDATE
    jenis_kategori_ekonomi = VALUES(jenis_kategori_ekonomi),
    nilai_gdp = VALUES(nilai_gdp),
    gdp_per_capita = VALUES(gdp_per_capita),
    persentase_gdp_dunia = VALUES(persentase_gdp_dunia),
    rank_gdp = VALUES(rank_gdp),
    jumlah_populasi = VALUES(jumlah_populasi),
    kepadatan_penduduk = VALUES(kepadatan_penduduk),
    persentase_penduduk_urban = VALUES(persentase_penduduk_urban),
    usia_median = VALUES(usia_median),
    tingkat_fertilitas = VALUES(tingkat_fertilitas),
    rank_populasi = VALUES(rank_populasi),
    emisi_co2 = VALUES(emisi_co2),
    emisi_co2_per_capita = VALUES(emisi_co2_per_capita),
    rank_co2 = VALUES(rank_co2),
    konsumsi_energi_total = VALUES(konsumsi_energi_total),
    konsumsi_energi_per_capita = VALUES(konsumsi_energi_per_capita),
    rank_energi = VALUES(rank_energi);

    INSERT INTO Komposisi_Energi (id_negara, id_jenis, tahun, jumlah_komposisi, persentase_konsumsi)
    SELECT k.id_negara, k.id_jenis, k.tahun, k.jumlah_komposisi, k.persentase_konsumsi
    FROM Data_Storing.Komposisi_Energi k
    JOIN Data_Storing.Negara n ON k.id_negara = n.id_negara
    JOIN Data_Storing.Jenis_Energi j ON k.id_jenis = j.id_jenis
    ON DUPLICATE KEY UPDATE
    jumlah_komposisi = VALUES(jumlah_komposisi),
    persentase_konsumsi = VALUES(persentase_konsumsi);

    INSERT INTO Indikator_Benua (nama_benua, tahun, jumlah_negara_gdp, total_gdp, gdp_per_capita,
    jumlah_negara_populasi, total_populasi, jumlah_negara_co2, total_emisi_co2, co2_per_capita)
    SELECT n.nama_benua, g.tahun, COUNT(DISTINCT g.id_negara), SUM(g.nilai_gdp), AVG(g.gdp_per_capita),
        COUNT(DISTINCT p.id_negara), SUM(p.jumlah_populasi), COUNT(DISTINCT c.id_negara), SUM(c.emisi_co2), AVG(c.emisi_co2_per_capita)
    FROM Data_Storing.Indikator_GDP g
    JOIN Negara n ON g.id_negara = n.id_negara
    LEFT JOIN Data_Storing.Indikator_Populasi p ON g.id_negara = p.id_negara AND g.tahun = p.tahun
    LEFT JOIN Data_Storing.Indikator_CO2 c ON g.id_negara = c.id_negara AND g.tahun = c.tahun
    WHERE n.nama_benua IS NOT NULL AND g.tahun IS NOT NULL
    GROUP BY n.nama_benua, g.tahun
    ON DUPLICATE KEY UPDATE
    jumlah_negara_gdp = VALUES(jumlah_negara_gdp),
    total_gdp = VALUES(total_gdp),
    gdp_per_capita = VALUES(gdp_per_capita),
    jumlah_negara_populasi = VALUES(jumlah_negara_populasi),
    total_populasi = VALUES(total_populasi),
    jumlah_negara_co2 = VALUES(jumlah_negara_co2),
    total_emisi_co2 = VALUES(total_emisi_co2),
    co2_per_capita = VALUES(co2_per_capita);
END 
*/ ;;
/*!50003 SET time_zone             = @saved_time_zone */ ;;
/*!50003 SET sql_mode              = @saved_sql_mode */ ;;
/*!50003 SET character_set_client  = @saved_cs_client */ ;;
/*!50003 SET character_set_results = @saved_cs_results */ ;;
/*!50003 SET collation_connection  = @saved_col_connection */ ;;
DELIMITER ;
/*!50106 SET TIME_ZONE= @save_time_zone */ ;

--
-- Dumping routines for database 'Data_Warehouse'
--
/*!40103 SET TIME_ZONE=@OLD_TIME_ZONE */;

/*!40101 SET SQL_MODE=@OLD_SQL_MODE */;
/*!40014 SET FOREIGN_KEY_CHECKS=@OLD_FOREIGN_KEY_CHECKS */;
/*!40014 SET UNIQUE_CHECKS=@OLD_UNIQUE_CHECKS */;
/*!40101 SET CHARACTER_SET_CLIENT=@OLD_CHARACTER_SET_CLIENT */;
/*!40101 SET CHARACTER_SET_RESULTS=@OLD_CHARACTER_SET_RESULTS */;
/*!40101 SET COLLATION_CONNECTION=@OLD_COLLATION_CONNECTION */;
/*M!100616 SET NOTE_VERBOSITY=@OLD_NOTE_VERBOSITY */;

-- Dump completed on 2026-07-22 14:39:37
