/*M!999999\- enable the sandbox mode */ 
-- MariaDB dump 10.19-12.3.2-MariaDB, for debian-linux-gnu (x86_64)
--
-- Host: localhost    Database: InitIndikator
-- ------------------------------------------------------
-- Server version	12.3.2-MariaDB-ubu2404

/*!40101 SET @OLD_CHARACTER_SET_CLIENT=@@CHARACTER_SET_CLIENT */;
/*!40101 SET @OLD_CHARACTER_SET_RESULTS=@@CHARACTER_SET_RESULTS */;
/*!40101 SET @OLD_COLLATION_CONNECTION=@@COLLATION_CONNECTION */;
/*!40101 SET NAMES utf8mb4 */;
/*!40103 SET @OLD_TIME_ZONE=@@TIME_ZONE */;
/*!40103 SET TIME_ZONE='+00:00' */;
/*!40014 SET @OLD_UNIQUE_CHECKS=@@UNIQUE_CHECKS, UNIQUE_CHECKS=0 */;
/*!40014 SET @OLD_FOREIGN_KEY_CHECKS=@@FOREIGN_KEY_CHECKS, FOREIGN_KEY_CHECKS=0 */;
/*!40101 SET @OLD_SQL_MODE=@@SQL_MODE, SQL_MODE='NO_AUTO_VALUE_ON_ZERO' */;
/*M!100616 SET @OLD_NOTE_VERBOSITY=@@NOTE_VERBOSITY, NOTE_VERBOSITY=0 */;

--
-- Table structure for table `Benua`
--

CREATE DATABASE IF NOT EXISTS `IndikatorNegara`;
GRANT ALL PRIVILEGES ON `IndikatorNegara`.* TO 'Basdat'@'%';
FLUSH PRIVILEGES;
USE `IndikatorNegara`;

DROP TABLE IF EXISTS `Benua`;
/*!40101 SET @saved_cs_client     = @@character_set_client */;
/*!40101 SET character_set_client = utf8mb4 */;
CREATE TABLE `Benua` (
  `id_benua` smallint(6) NOT NULL AUTO_INCREMENT,
  `nama_benua` varchar(100) NOT NULL,
  PRIMARY KEY (`id_benua`),
  UNIQUE KEY `nama_benua` (`nama_benua`)
) ENGINE=InnoDB AUTO_INCREMENT=7 DEFAULT CHARSET=utf8mb4 COLLATE=utf8mb4_uca1400_ai_ci;
/*!40101 SET character_set_client = @saved_cs_client */;

--
-- Dumping data for table `Benua`
--

SET @OLD_AUTOCOMMIT=@@AUTOCOMMIT, @@AUTOCOMMIT=0;
LOCK TABLES `Benua` WRITE;
/*!40000 ALTER TABLE `Benua` DISABLE KEYS */;
INSERT INTO `Benua` VALUES
(1,'Africa'),
(2,'Asia'),
(3,'Europe'),
(4,'Latin America and the Caribbean'),
(5,'Northern America'),
(6,'Oceania');
/*!40000 ALTER TABLE `Benua` ENABLE KEYS */;
UNLOCK TABLES;
COMMIT;
SET AUTOCOMMIT=@OLD_AUTOCOMMIT;

--
-- Table structure for table `Indikator_CO2`
--

DROP TABLE IF EXISTS `Indikator_CO2`;
/*!40101 SET @saved_cs_client     = @@character_set_client */;
/*!40101 SET character_set_client = utf8mb4 */;
CREATE TABLE `Indikator_CO2` (
  `id_negara` smallint(6) NOT NULL,
  `tahun` smallint(6) NOT NULL,
  `emisi_co2` bigint(20) DEFAULT NULL CHECK (`emisi_co2` >= 0),
  `persentase_perubahan_setahun` decimal(5,2) DEFAULT NULL,
  `emisi_co2_per_kapita` decimal(5,2) DEFAULT NULL CHECK (`emisi_co2_per_kapita` >= 0),
  `persentase_emisi_co2_dunia` decimal(10,7) DEFAULT NULL CHECK (`persentase_emisi_co2_dunia` between 0 and 100),
  `rank_co2` smallint(6) DEFAULT NULL CHECK (`rank_co2` > 0),
  PRIMARY KEY (`id_negara`,`tahun`),
  UNIQUE KEY `ranks_co2` (`tahun`,`rank_co2`),
  CONSTRAINT `1` FOREIGN KEY (`id_negara`) REFERENCES `Negara` (`id_negara`) ON DELETE CASCADE,
  CONSTRAINT `2` FOREIGN KEY (`tahun`) REFERENCES `Tahun` (`tahun`)
) ENGINE=InnoDB DEFAULT CHARSET=utf8mb4 COLLATE=utf8mb4_uca1400_ai_ci;
/*!40101 SET character_set_client = @saved_cs_client */;

--
-- Dumping data for table `Indikator_CO2`
--

SET @OLD_AUTOCOMMIT=@@AUTOCOMMIT, @@AUTOCOMMIT=0;
LOCK TABLES `Indikator_CO2` WRITE;
/*!40000 ALTER TABLE `Indikator_CO2` DISABLE KEYS */;
INSERT INTO `Indikator_CO2` VALUES
(1,2024,12068415,3.60,0.29,0.0300000,104),
(2,2024,4243706,0.50,1.44,0.0110000,142),
(3,2024,186358382,-2.21,4.07,0.4700000,31),
(6,2024,28100364,2.80,0.75,0.0710000,77),
(7,2024,22769,3.88,1.42,0.0000570,204),
(8,2024,356187,3.51,3.24,0.0009000,184),
(9,2024,183271991,-3.49,3.89,0.4600000,32),
(10,2024,7493590,-0.07,2.55,0.0190000,122),
(11,2024,555961,3.51,5.15,0.0014000,178),
(12,2024,383403111,1.56,14.43,0.9700000,17),
(13,2024,58030404,-0.76,6.55,0.1500000,54),
(14,2024,38887499,-6.85,3.75,0.0980000,61),
(15,2024,1459225,3.50,3.47,0.0037000,161),
(16,2024,37969166,-1.86,20.70,0.0960000,62),
(17,2024,124190733,4.37,0.70,0.3100000,37),
(18,2024,712786,3.21,2.47,0.0018000,173),
(19,2024,54215798,0.73,5.81,0.1400000,56),
(20,2024,86646316,1.07,7.35,0.2200000,44),
(21,2024,388943,3.54,0.91,0.0009800,182),
(22,2024,7048076,2.26,0.52,0.0180000,127),
(23,2024,267316,3.49,4.46,0.0006700,192),
(24,2024,1591896,2.00,1.83,0.0040000,157),
(25,2024,28435622,16.42,2.33,0.0720000,76),
(26,2024,20407390,-2.02,5.89,0.0510000,89),
(27,2024,6901601,2.69,2.68,0.0170000,128),
(28,2024,491468781,2.34,2.24,1.2400000,12),
(29,2024,91810,3.51,2.70,0.0002300,200),
(30,2024,9366689,-3.47,20.19,0.0240000,114),
(31,2024,34188472,-7.53,5.07,0.0860000,67),
(32,2024,6475687,3.38,0.28,0.0160000,130),
(33,2024,968739,2.02,0.07,0.0024000,167),
(34,2024,676218,3.90,1.14,0.0017000,175),
(35,2024,19439220,2.77,1.10,0.0490000,91),
(36,2024,10292889,-0.39,0.36,0.0260000,110),
(37,2024,577972624,1.92,14.87,1.4600000,11),
(39,2024,372018,3.52,5.55,0.0009400,183),
(40,2024,337407,1.47,0.06,0.0008500,187),
(41,2024,2892773,-0.55,0.16,0.0073000,148),
(42,2024,77822575,1.06,4.10,0.2000000,46),
(43,2024,13124727993,0.79,9.13,33.1200000,1),
(44,2024,95079303,2.46,1.84,0.2400000,43),
(45,2024,446267,1.81,0.47,0.0011000,180),
(46,2024,8456802,7.49,1.34,0.0210000,116),
(47,2024,100488,4.92,5.91,0.0002500,199),
(48,2024,8376338,3.44,1.61,0.0210000,117),
(49,2024,18679585,0.08,4.64,0.0470000,94),
(50,2024,21004155,4.88,1.82,0.0530000,88),
(51,2024,2394239,3.72,14.34,0.0060000,152),
(52,2024,7341094,1.91,5.92,0.0190000,124),
(53,2024,77749164,-9.18,7.32,0.2000000,47),
(54,2024,18810952,4.94,0.65,0.0470000,93),
(55,2024,6209636,1.13,0.06,0.0160000,131),
(56,2024,25570825,-2.44,4.34,0.0650000,81),
(57,2024,894666,1.67,0.85,0.0023000,168),
(58,2024,84250,3.45,1.11,0.0002100,201),
(59,2024,34222495,4.37,2.97,0.0860000,66),
(60,2024,47963814,2.51,2.63,0.1200000,58),
(61,2024,291638583,5.73,2.66,0.7400000,21),
(62,2024,9543361,3.32,1.44,0.0240000,113),
(63,2024,4826905,1.30,3.03,0.0120000,138),
(64,2024,777977,1.80,0.13,0.0020000,172),
(65,2024,10648547,-7.19,8.29,0.0270000,108),
(66,2024,1094137,1.46,0.71,0.0028000,163),
(67,2024,19364847,1.83,0.16,0.0490000,92),
(68,2024,2139,0.66,0.04,0.0000054,207),
(69,2024,18800,1.82,6.27,0.0000470,205),
(70,2024,1506671,4.79,1.59,0.0038000,158),
(71,2024,31107444,-5.41,5.50,0.0780000,74),
(72,2024,274450524,-3.41,4.12,0.6900000,25),
(73,2024,390985,1.80,1.17,0.0009900,181),
(74,2024,973893,4.92,3.29,0.0025000,166),
(75,2024,5198527,1.52,2.23,0.0130000,135),
(76,2024,492293,3.90,0.19,0.0012000,179),
(77,2024,13467408,-0.66,3.50,0.0340000,98),
(78,2024,579935607,-1.65,7.03,1.4600000,10),
(79,2024,24171006,4.08,0.73,0.0610000,82),
(80,2024,635108,0.94,18.15,0.0016000,176),
(81,2024,52508701,2.48,4.78,0.1300000,57),
(82,2024,594101,1.57,10.42,0.0015000,177),
(83,2024,175909,3.51,1.58,0.0004400,194),
(84,2024,1154955,3.36,2.58,0.0029000,162),
(86,2024,20369356,1.20,1.06,0.0510000,90),
(87,2024,5205403,3.56,0.34,0.0130000,134),
(88,2024,342161,3.90,0.16,0.0008600,186),
(89,2024,3788603,1.29,4.70,0.0096000,143),
(90,2024,3513798,3.94,0.30,0.0089000,145),
(92,2024,12292756,3.74,1.19,0.0310000,103),
(93,2024,34616164,1.46,4.48,0.0870000,65),
(94,2024,42626871,-0.82,4.50,0.1100000,59),
(95,2024,3292971,2.27,9.33,0.0083000,146),
(96,2024,3153829130,4.62,2.19,7.9600000,3),
(97,2024,812204159,5.13,2.88,2.0500000,7),
(98,2024,828989585,1.58,9.62,2.0900000,6),
(99,2024,238670397,2.44,5.19,0.6000000,27),
(100,2024,32569284,-0.89,6.47,0.0820000,69),
(102,2024,57665413,-4.65,3.82,0.1500000,55),
(103,2024,299228526,-1.67,5.10,0.7600000,18),
(104,2024,8074048,4.81,2.75,0.0200000,120),
(105,2024,972266973,-3.01,7.79,2.4500000,5),
(106,2024,24143975,0.43,2.29,0.0610000,83),
(107,2024,258803717,1.32,13.30,0.6500000,26),
(108,2024,21638682,1.74,0.37,0.0550000,86),
(109,2024,79693,4.92,0.61,0.0002000,202),
(110,2024,115931281,5.24,25.51,0.2900000,40),
(111,2024,10744958,5.03,1.63,0.0270000,107),
(112,2024,26062727,1.24,3.46,0.0660000,80),
(113,2024,6807219,-1.35,3.73,0.0170000,129),
(114,2024,11004120,1.71,1.93,0.0280000,106),
(115,2024,1000558,0.92,0.41,0.0025000,165),
(116,2024,867112,3.29,0.15,0.0022000,170),
(117,2024,63953380,1.19,9.18,0.1600000,52),
(119,2024,12969975,-0.07,4.63,0.0330000,100),
(120,2024,7147366,2.96,11.27,0.0180000,126),
(121,2024,1734885,3.24,2.51,0.0044000,156),
(122,2024,4682703,1.93,0.15,0.0120000,140),
(123,2024,4794948,1.92,0.21,0.0120000,139),
(124,2024,295954220,4.81,8.57,0.7500000,19),
(125,2024,1882382,4.92,3.89,0.0047000,154),
(126,2024,7412128,3.28,0.33,0.0190000,123),
(127,2024,1808332,1.15,4.13,0.0046000,155),
(129,2024,1078755,3.48,2.80,0.0027000,164),
(130,2024,5011632,3.82,0.95,0.0130000,136),
(131,2024,4405467,1.92,3.44,0.0110000,141),
(133,2024,475992111,0.08,3.41,1.2000000,13),
(135,2024,8208088,0.01,2.07,0.0210000,119),
(137,2024,27657810,1.86,8.21,0.0700000,78),
(140,2024,70040885,-0.01,1.81,0.1800000,49),
(141,2024,10112699,-5.66,0.28,0.0260000,111),
(142,2024,31362831,0.39,0.55,0.0790000,73),
(143,2024,3649815,1.00,1.25,0.0092000,144),
(145,2024,15891857,2.98,0.50,0.0400000,95),
(146,2024,118790884,-3.36,6.84,0.3000000,38),
(147,2024,4998309,2.75,16.61,0.0130000,137),
(148,2024,31814597,0.12,6.37,0.0800000,71),
(149,2024,5739324,3.66,0.86,0.0140000,132),
(150,2024,3214248,1.62,0.11,0.0081000,147),
(151,2024,131910141,4.80,0.58,0.3300000,36),
(153,2024,66239386,0.88,2.52,0.1700000,51),
(154,2024,7297318,-9.01,3.49,0.0180000,125),
(156,2024,39999523,-3.86,7.07,0.1000000,60),
(157,2024,98511206,2.90,17.89,0.2500000,41),
(158,2024,203988261,-2.35,0.91,0.5100000,29),
(159,2024,1465894,4.86,63.73,0.0037000,159),
(160,2024,12365032,-2.93,2.73,0.0310000,102),
(161,2024,5467691,-0.55,0.58,0.0140000,133),
(162,2024,8025319,3.65,1.09,0.0200000,121),
(163,2024,69265213,6.43,1.99,0.1700000,50),
(164,2024,174114309,7.18,1.50,0.4400000,33),
(165,2024,276061915,-1.63,7.36,0.7000000,24),
(166,2024,35557290,-4.96,3.53,0.0900000,64),
(167,2024,15430081,5.47,4.25,0.0390000,96),
(168,2024,135266875,4.70,45.33,0.3400000,35),
(169,2024,70883168,0.90,3.73,0.1800000,48),
(170,2024,2009154097,3.12,14.06,5.0700000,4),
(171,2024,2311382,1.01,0.16,0.0058000,153),
(172,2024,2672829,1.97,2.90,0.0067000,149),
(174,2024,17573,1.34,4.39,0.0000440,206),
(175,2024,135120,3.51,2.33,0.0003400,197),
(176,2024,307460,3.52,1.68,0.0007800,189),
(178,2024,28653,-0.39,4.09,0.0000720,203),
(179,2024,349758,4.93,1.71,0.0008800,185),
(181,2024,147722,1.43,0.62,0.0003700,196),
(182,2024,652511035,2.69,17.73,1.6500000,8),
(183,2024,14202340,3.54,0.74,0.0360000,97),
(185,2024,878216,4.62,8.96,0.0022000,169),
(186,2024,1461784,3.64,0.17,0.0037000,160),
(187,2024,58868050,4.93,9.62,0.1500000,53),
(189,2024,29892541,-4.03,5.49,0.0750000,75),
(190,2024,13331365,5.65,6.42,0.0340000,99),
(191,2024,314545,4.91,0.45,0.0007900,188),
(192,2024,865216,1.84,0.05,0.0022000,171),
(193,2024,440167752,3.02,7.19,1.1100000,15),
(194,2024,588008898,-0.40,11.29,1.4800000,9),
(196,2024,220083943,-0.41,4.75,0.5600000,28),
(197,2024,23334668,8.13,1.10,0.0590000,84),
(198,2024,131984,3.50,1.19,0.0003300,198),
(200,2024,21867830,0.76,0.34,0.0550000,85),
(201,2024,2576452,3.22,4.33,0.0065000,151),
(202,2024,37774193,3.02,3.64,0.0950000,63),
(203,2024,33732136,0.20,3.79,0.0850000,68),
(204,2024,31449838,0.30,1.40,0.0790000,72),
(205,2024,280491856,-0.48,11.68,0.7100000,23),
(206,2024,9769852,4.82,0.96,0.0250000,112),
(207,2024,21336296,-1.10,0.30,0.0540000,87),
(208,2024,283809078,3.19,4.07,0.7200000,22),
(209,2024,699446,5.27,0.47,0.0018000,174),
(210,2024,2627592,3.80,0.29,0.0066000,150),
(212,2024,169794,4.92,1.48,0.0004300,195),
(213,2024,26793426,-0.58,19.40,0.0680000,79),
(214,2024,32179949,3.11,2.61,0.0810000,70),
(215,2024,460027460,3.04,5.36,1.1600000,14),
(216,2024,81408012,-14.06,12.81,0.2100000,45),
(217,2024,229061,3.53,5.87,0.0005800,193),
(220,2024,8254862,1.70,0.15,0.0210000,118),
(221,2024,118477849,-2.64,2.78,0.3000000,39),
(222,2024,200558970,4.08,19.45,0.5100000,30),
(223,2024,292419359,-4.06,4.25,0.7400000,20),
(224,2024,4632164876,0.30,13.59,11.6900000,2),
(225,2024,8695336,6.16,2.46,0.0220000,115),
(226,2024,148538808,11.99,4.27,0.3700000,34),
(227,2024,285107,4.93,0.90,0.0007200,191),
(228,2024,96411416,0.02,2.78,0.2400000,42),
(229,2024,430819227,10.26,4.23,1.0900000,16),
(231,2024,301175,5.00,0.46,0.0007600,190),
(232,2024,10580331,-0.42,0.32,0.0270000,109),
(233,2024,11573195,1.89,0.55,0.0290000,105),
(234,2024,12855358,2.30,0.67,0.0320000,101);
/*!40000 ALTER TABLE `Indikator_CO2` ENABLE KEYS */;
UNLOCK TABLES;
COMMIT;
SET AUTOCOMMIT=@OLD_AUTOCOMMIT;

--
-- Table structure for table `Indikator_Energi`
--

DROP TABLE IF EXISTS `Indikator_Energi`;
/*!40101 SET @saved_cs_client     = @@character_set_client */;
/*!40101 SET character_set_client = utf8mb4 */;
CREATE TABLE `Indikator_Energi` (
  `id_negara` smallint(6) NOT NULL,
  `tahun` smallint(6) NOT NULL,
  `konsumsi_energi_total` bigint(20) DEFAULT NULL CHECK (`konsumsi_energi_total` >= 0),
  `persentase_dunia` decimal(10,7) DEFAULT NULL CHECK (`persentase_dunia` between 0 and 100),
  `konsumsi_per_capita` int(11) DEFAULT NULL CHECK (`konsumsi_per_capita` >= 0),
  `rank_energi` smallint(6) DEFAULT NULL CHECK (`rank_energi` > 0),
  PRIMARY KEY (`id_negara`,`tahun`),
  UNIQUE KEY `ranks_energi` (`tahun`,`rank_energi`),
  CONSTRAINT `1` FOREIGN KEY (`id_negara`) REFERENCES `Negara` (`id_negara`) ON DELETE CASCADE,
  CONSTRAINT `2` FOREIGN KEY (`tahun`) REFERENCES `Tahun` (`tahun`)
) ENGINE=InnoDB DEFAULT CHARSET=utf8mb4 COLLATE=utf8mb4_uca1400_ai_ci;
/*!40101 SET character_set_client = @saved_cs_client */;

--
-- Dumping data for table `Indikator_Energi`
--

SET @OLD_AUTOCOMMIT=@@AUTOCOMMIT, @@AUTOCOMMIT=0;
LOCK TABLES `Indikator_Energi` WRITE;
/*!40000 ALTER TABLE `Indikator_Energi` DISABLE KEYS */;
INSERT INTO `Indikator_Energi` VALUES
(1,2017,144694375000,0.0250000,4054,119),
(2,2017,111843460000,0.0190000,38590,128),
(3,2017,2398447784000,0.4100000,57531,36),
(6,2017,362803130000,0.0620000,12000,85),
(8,2017,10605278000,0.0018000,117227,184),
(9,2017,3867523595000,0.6600000,87325,27),
(10,2017,148536904000,0.0260000,50957,117),
(11,2017,17606311000,0.0030000,166520,167),
(12,2017,6127579421000,1.0500000,247769,18),
(13,2017,1501633374000,0.2600000,170664,48),
(14,2017,594082525000,0.1000000,59596,72),
(15,2017,42853849000,0.0074000,109745,152),
(16,2017,719864742000,0.1200000,485740,68),
(17,2017,1417359711000,0.2400000,8739,50),
(18,2017,24763656000,0.0043000,88388,164),
(19,2017,961313106000,0.1700000,101236,61),
(20,2017,2684685429000,0.4600000,235984,34),
(21,2017,12727469000,0.0022000,34103,176),
(22,2017,97181607000,0.0170000,8072,131),
(23,2017,11252000000,0.0019000,176979,182),
(24,2017,61282453000,0.0110000,81240,142),
(25,2017,343353846000,0.0590000,30266,87),
(26,2017,251753830000,0.0430000,73426,98),
(27,2017,96035971000,0.0160000,42367,133),
(28,2017,12566399560000,2.1600000,61388,9),
(29,2017,3397977000,0.0005800,103917,199),
(30,2017,176864953000,0.0300000,408679,111),
(31,2017,774428141000,0.1300000,109450,65),
(32,2017,49416394000,0.0085000,2484,146),
(33,2017,5374860000,0.0009200,467,191),
(34,2017,12660679000,0.0022000,24685,178),
(35,2017,168697663000,0.0290000,10495,113),
(36,2017,147800591000,0.0250000,6126,118),
(37,2017,15062124200000,2.5900000,409202,6),
(39,2017,9514000000,0.0016000,147424,185),
(40,2017,7065635000,0.0012000,1474,188),
(41,2017,4879681000,0.0008400,312,192),
(42,2017,1496140520000,0.2600000,80616,49),
(43,2017,138689472800000,23.8100000,98197,1),
(44,2017,1660776722000,0.2900000,34505,45),
(45,2017,3848000000,0.0006600,5085,198),
(46,2017,95621923000,0.0160000,17870,134),
(47,2017,1677278000,0.0002900,98391,207),
(48,2017,214062173000,0.0370000,43569,105),
(49,2017,350684597000,0.0600000,85969,86),
(50,2017,401492995000,0.0690000,35695,80),
(52,2017,117196038000,0.0200000,93437,127),
(53,2017,1751291794000,0.3000000,166136,43),
(54,2017,178773633000,0.0310000,6687,109),
(55,2017,132065701000,0.0230000,1517,122),
(56,2017,737324404000,0.1300000,127893,66),
(57,2017,12152607000,0.0021000,11521,179),
(58,2017,3949649001,0.0006800,57662,197),
(59,2017,340462946000,0.0580000,31918,88),
(60,2017,714684386000,0.1200000,42643,69),
(61,2017,4012356526000,0.6900000,38693,25),
(62,2017,132276983000,0.0230000,21289,121),
(63,2017,59811150000,0.0100000,38282,144),
(64,2017,10870852000,0.0019000,3451,183),
(65,2017,87785565000,0.0150000,66634,137),
(66,2017,20439383000,0.0035000,17648,166),
(67,2017,323534822000,0.0560000,2950,90),
(68,2017,11506210000,0.0020000,229011,181),
(69,2017,82900000,0.0000140,23565,208),
(70,2017,38870204000,0.0067000,42307,155),
(71,2017,1227851414000,0.2100000,222905,53),
(72,2017,10241662730000,1.7600000,156877,12),
(73,2017,15686060001,0.0027000,56804,171),
(74,2017,15199494000,0.0026000,54267,174),
(75,2017,68381605000,0.0120000,31704,140),
(76,2017,7564000000,0.0013000,3229,187),
(77,2017,246271262000,0.0420000,64930,99),
(78,2017,14062539590000,2.4100000,169216,7),
(79,2017,273724117000,0.0470000,9122,96),
(80,2017,192833000000,0.0330000,5630983,106),
(81,2017,1161715086000,0.2000000,108031,55),
(82,2017,12683792000,0.0022000,226209,177),
(83,2017,4338852000,0.0007500,37586,196),
(84,2017,28095517000,0.0048000,68079,162),
(85,2017,27908500000,0.0048000,170705,163),
(86,2017,316468042000,0.0540000,19102,92),
(87,2017,48146986000,0.0083000,3887,149),
(88,2017,4395213000,0.0007500,2342,195),
(89,2017,30165867000,0.0052000,39254,161),
(90,2017,48163170000,0.0083000,4452,148),
(92,2017,171400051000,0.0290000,17876,112),
(93,2017,1322087609000,0.2300000,177583,52),
(94,2017,1042247455000,0.1800000,106508,60),
(95,2017,221449492000,0.0380000,644627,102),
(96,2017,30476788610000,5.2300000,22415,4),
(97,2017,7158688937000,1.2300000,26777,15),
(98,2017,11599267500000,1.9900000,136419,10),
(99,2017,1865888786000,0.3200000,47433,40),
(100,2017,638610418000,0.1100000,132760,71),
(102,2017,1054812660001,0.1800000,126147,59),
(103,2017,6771608308000,1.1600000,112131,16),
(104,2017,128130859001,0.0220000,45505,125),
(105,2017,19402928820000,3.3300000,152701,5),
(106,2017,431068663000,0.0740000,42120,77),
(107,2017,3574850089000,0.6100000,191661,30),
(108,2017,322257801000,0.0550000,6550,91),
(109,2017,46100000,0.0000079,383,209),
(110,2017,1591008895000,0.2700000,382943,46),
(111,2017,241995314000,0.0420000,38905,100),
(112,2017,405305758000,0.0700000,57751,79),
(113,2017,187516006000,0.0320000,96529,107),
(114,2017,375787371000,0.0650000,61003,83),
(115,2017,15324212000,0.0026000,7104,173),
(116,2017,16601000001,0.0029000,3424,168),
(117,2017,571901291000,0.0980000,84867,73),
(119,2017,150839505000,0.0260000,53313,116),
(120,2017,183445565000,0.0310000,307539,108),
(121,2017,48682524000,0.0084000,75295,147),
(122,2017,54364625000,0.0093000,2029,145),
(123,2017,31388331000,0.0054000,1740,160),
(124,2017,3515197470000,0.6000000,108642,31),
(125,2017,24704426000,0.0042000,53906,165),
(126,2017,60540614000,0.0100000,3056,143),
(127,2017,128532491000,0.0220000,274700,124),
(129,2017,36175538000,0.0062000,97376,157),
(130,2017,39378962000,0.0068000,9352,154),
(131,2017,90076344000,0.0150000,69791,136),
(133,2017,7868848622000,1.3500000,63767,14),
(135,2017,128017617000,0.0220000,40087,126),
(137,2017,215493720000,0.0370000,69416,104),
(138,2017,43490743000,0.0075000,70133,151),
(140,2017,819433637000,0.1400000,23118,64),
(141,2017,287958923000,0.0490000,10223,93),
(142,2017,518785351000,0.0890000,9997,74),
(143,2017,79767587000,0.0140000,31820,138),
(145,2017,161222108000,0.0280000,5756,114),
(146,2017,3938132686000,0.6800000,227436,26),
(147,2017,78485011000,0.0130000,276798,139),
(148,2017,902498142000,0.1500000,187522,63),
(149,2017,98675888000,0.0170000,15623,130),
(150,2017,34310284001,0.0059000,1601,158),
(151,2017,1540259766000,0.2600000,7692,47),
(153,2017,330338632000,0.0570000,12795,89),
(154,2017,100005786000,0.0170000,51526,129),
(156,2017,1901374555000,0.3300000,360327,39),
(157,2017,1140750863000,0.2000000,251411,56),
(158,2017,3183442105000,0.5500000,14258,33),
(160,2017,439309187000,0.0750000,107182,76),
(161,2017,93500964000,0.0160000,10187,135),
(162,2017,518686518000,0.0890000,81829,75),
(163,2017,1118522631000,0.1900000,35707,57),
(164,2017,1832128988000,0.3100000,16945,41),
(165,2017,4334474486001,0.7400000,113305,24),
(166,2017,1077120037000,0.1800000,104263,58),
(167,2017,264498327000,0.0450000,78443,97),
(168,2017,2159502542000,0.3700000,797833,38),
(169,2017,1411400168000,0.2400000,71683,51),
(170,2017,32832743720001,5.6400000,224594,3),
(171,2017,15834435000,0.0027000,1298,170),
(172,2017,46915585000,0.0081000,54632,150),
(175,2017,3317704000,0.0005700,70514,200),
(176,2017,6991213000,0.0012000,39646,189),
(178,2017,1982000000,0.0003400,334854,205),
(179,2017,5672659000,0.0009700,27616,190),
(181,2017,2366491000,0.0004100,11434,204),
(182,2017,10997456810000,1.8900000,357264,11),
(183,2017,130707004000,0.0220000,8446,123),
(184,2017,642180713000,0.1100000,90787,70),
(185,2017,15644000001,0.0027000,139148,172),
(186,2017,13386542000,0.0023000,1814,175),
(187,2017,3630377394000,0.6200000,647810,29),
(189,2017,726428917000,0.1200000,133640,67),
(190,2017,283912879000,0.0490000,137661,95),
(191,2017,4770491000,0.0008200,6957,193),
(192,2017,12100621000,0.0021000,811,180),
(193,2017,5672958314000,0.9700000,98429,20),
(194,2017,12659085870000,2.1700000,245873,8),
(195,2017,16407639001,0.0028000,1599,169),
(196,2017,5726408206000,0.9800000,122180,19),
(197,2017,383419865000,0.0660000,17359,82),
(198,2017,2596000000,0.0004500,24569,203),
(199,2017,65933937000,0.0110000,13902,141),
(200,2017,368304194000,0.0630000,8623,84),
(201,2017,38652993000,0.0066000,65104,156),
(202,2017,2218710262000,0.3800000,220595,37),
(203,2017,1171749700000,0.2000000,138609,54),
(204,2017,394608300000,0.0680000,20526,81),
(205,2017,4672849385000,0.8000000,197726,22),
(206,2017,225261633000,0.0390000,24792,101),
(207,2017,287390572000,0.0490000,5164,94),
(208,2017,5519011566000,0.9500000,77558,21),
(209,2017,8615000000,0.0015000,6883,186),
(210,2017,41108083000,0.0071000,5102,153),
(212,2017,1807000000,0.0003100,17151,206),
(213,2017,903828800000,0.1600000,625374,62),
(214,2017,408467388000,0.0700000,35060,78),
(215,2017,6432497777000,1.1000000,77422,17),
(216,2017,1747505385000,0.3000000,268555,44),
(217,2017,4606000000,0.0007900,115401,194),
(219,2017,33991878001,0.0058000,357365,159),
(220,2017,97180787000,0.0170000,2419,132),
(221,2017,3632194307000,0.6200000,79941,28),
(222,2017,4667004234000,0.8000000,505397,23),
(223,2017,8190849783001,1.4100000,123441,13),
(224,2017,97661161460000,16.7700000,293979,2),
(225,2017,219406294000,0.0380000,64751,103),
(226,2017,1798254680000,0.3100000,56515,42),
(227,2017,3059838000,0.0005300,10987,201),
(228,2017,2492568948000,0.4300000,81549,35),
(229,2017,3242513713000,0.5600000,34068,32),
(231,2017,3022000000,0.0005200,5893,202),
(232,2017,138496775000,0.0240000,4185,120),
(233,2017,177977721000,0.0310000,10204,110),
(234,2017,158453760000,0.0270000,10697,115);
/*!40000 ALTER TABLE `Indikator_Energi` ENABLE KEYS */;
UNLOCK TABLES;
COMMIT;
SET AUTOCOMMIT=@OLD_AUTOCOMMIT;
/*!50003 SET @saved_cs_client      = @@character_set_client */ ;
/*!50003 SET @saved_cs_results     = @@character_set_results */ ;
/*!50003 SET @saved_col_connection = @@collation_connection */ ;
/*!50003 SET character_set_client  = utf8mb4 */ ;
/*!50003 SET character_set_results = utf8mb4 */ ;
/*!50003 SET collation_connection  = utf8mb4_uca1400_ai_ci */ ;
/*!50003 SET @saved_sql_mode       = @@sql_mode */ ;
/*!50003 SET sql_mode              = 'STRICT_TRANS_TABLES,ERROR_FOR_DIVISION_BY_ZERO,NO_AUTO_CREATE_USER,NO_ENGINE_SUBSTITUTION' */ ;
DELIMITER ;;
/*!50003 CREATE*/ /*!50017 DEFINER=`root`@`localhost`*/ /*!50003 TRIGGER trg_persentase_energi_dunia_insert
BEFORE INSERT ON Indikator_Energi
FOR EACH ROW
BEGIN
    DECLARE total DECIMAL(5, 2);

    
    SELECT COALESCE(SUM(persentase_dunia), 0) INTO total
    FROM Indikator_Energi
    WHERE tahun = NEW.tahun;

    
    IF (total + NEW.persentase_dunia) > 101 THEN
        SIGNAL SQLSTATE '45000' 
        SET MESSAGE_TEXT = 'Error Insert: Total persentase konsumsi energi dunia tidak boleh melebihi 101%';
    END IF;
END 
*/;;
DELIMITER ;
/*!50003 SET sql_mode              = @saved_sql_mode */ ;
/*!50003 SET character_set_client  = @saved_cs_client */ ;
/*!50003 SET character_set_results = @saved_cs_results */ ;
/*!50003 SET collation_connection  = @saved_col_connection */ ;
/*!50003 SET @saved_cs_client      = @@character_set_client */ ;
/*!50003 SET @saved_cs_results     = @@character_set_results */ ;
/*!50003 SET @saved_col_connection = @@collation_connection */ ;
/*!50003 SET character_set_client  = utf8mb4 */ ;
/*!50003 SET character_set_results = utf8mb4 */ ;
/*!50003 SET collation_connection  = utf8mb4_uca1400_ai_ci */ ;
/*!50003 SET @saved_sql_mode       = @@sql_mode */ ;
/*!50003 SET sql_mode              = 'STRICT_TRANS_TABLES,ERROR_FOR_DIVISION_BY_ZERO,NO_AUTO_CREATE_USER,NO_ENGINE_SUBSTITUTION' */ ;
DELIMITER ;;
/*!50003 CREATE*/ /*!50017 DEFINER=`root`@`localhost`*/ /*!50003 TRIGGER trg_persentase_energi_dunia_update
BEFORE UPDATE ON Indikator_Energi
FOR EACH ROW
BEGIN
    DECLARE total DECIMAL(5, 2);

    
    SELECT COALESCE(SUM(persentase_dunia), 0) INTO total
    FROM Indikator_Energi
    WHERE tahun = NEW.tahun AND id_negara != OLD.id_negara;

    
    IF (total + NEW.persentase_dunia) > 101 THEN
        SIGNAL SQLSTATE '45000' 
        SET MESSAGE_TEXT = 'Error Update: Total persentase konsumsi energi dunia tidak boleh melebihi 101%';
    END IF;
END 
*/;;
DELIMITER ;
/*!50003 SET sql_mode              = @saved_sql_mode */ ;
/*!50003 SET character_set_client  = @saved_cs_client */ ;
/*!50003 SET character_set_results = @saved_cs_results */ ;
/*!50003 SET collation_connection  = @saved_col_connection */ ;

--
-- Table structure for table `Indikator_GDP`
--

DROP TABLE IF EXISTS `Indikator_GDP`;
/*!40101 SET @saved_cs_client     = @@character_set_client */;
/*!40101 SET character_set_client = utf8mb4 */;
CREATE TABLE `Indikator_GDP` (
  `id_negara` smallint(6) NOT NULL,
  `tahun` smallint(6) NOT NULL,
  `nilai_gdp` bigint(20) NOT NULL CHECK (`nilai_gdp` >= 0),
  `persentase_pertumbuhan_gdp` decimal(5,2) DEFAULT NULL,
  `gdp_per_capita` int(11) DEFAULT NULL CHECK (`gdp_per_capita` >= 0),
  `persentase_gdp_dunia` decimal(10,7) DEFAULT NULL CHECK (`persentase_gdp_dunia` between 0 and 100),
  `rank_gdp` smallint(6) DEFAULT NULL CHECK (`rank_gdp` > 0),
  PRIMARY KEY (`id_negara`,`tahun`),
  UNIQUE KEY `ranks_gdp` (`tahun`,`rank_gdp`),
  CONSTRAINT `1` FOREIGN KEY (`id_negara`) REFERENCES `Negara` (`id_negara`) ON DELETE CASCADE,
  CONSTRAINT `2` FOREIGN KEY (`tahun`) REFERENCES `Tahun` (`tahun`)
) ENGINE=InnoDB DEFAULT CHARSET=utf8mb4 COLLATE=utf8mb4_uca1400_ai_ci;
/*!40101 SET character_set_client = @saved_cs_client */;

--
-- Dumping data for table `Indikator_GDP`
--

SET @OLD_AUTOCOMMIT=@@AUTOCOMMIT, @@AUTOCOMMIT=0;
LOCK TABLES `Indikator_GDP` WRITE;
/*!40000 ALTER TABLE `Indikator_GDP` DISABLE KEYS */;
INSERT INTO `Indikator_GDP` VALUES
(1,2024,17817000000,1.87,418,0.0200000,136),
(2,2024,27177735528,3.96,10012,0.0200000,115),
(3,2024,263619794507,3.30,5631,0.2400000,52),
(4,2024,871000000,1.74,18017,0.0008500,205),
(5,2024,4039844390,3.37,49304,0.0036000,176),
(6,2024,80396942242,4.42,2122,0.0700000,83),
(7,2024,415735284,2.47,28850,0.0003900,211),
(8,2024,2224814815,4.33,23726,0.0020000,188),
(9,2024,633266692534,-1.72,13858,0.5700000,24),
(10,2024,25786585950,5.90,8501,0.0200000,119),
(11,2024,4285000000,7.64,39262,0.0038000,174),
(12,2024,1752193307380,1.43,64407,1.5700000,14),
(13,2024,521642466922,-1.17,56833,0.4700000,31),
(14,2024,74315882353,4.07,7284,0.0700000,86),
(15,2024,15832800000,3.38,39455,0.0100000,142),
(16,2024,47736702128,3.02,30048,0.0400000,98),
(17,2024,450119424622,4.22,2593,0.4000000,35),
(18,2024,7165000000,3.80,25366,0.0064000,163),
(19,2024,75961865472,4.01,8317,0.0700000,85),
(20,2024,664564181487,1.02,55955,0.6000000,23),
(21,2024,3515783329,8.15,8430,0.0032000,178),
(22,2024,21482643720,7.45,1485,0.0200000,127),
(23,2024,8980200000,2.11,138935,0.0081000,157),
(24,2024,3147000000,6.10,3989,0.0028000,181),
(25,2024,49668296744,1.38,4001,0.0400000,97),
(26,2024,28343394203,2.48,8957,0.0300000,114),
(27,2024,19400774882,-2.99,7695,0.0200000,134),
(28,2024,2179412080829,3.40,10280,1.9600000,10),
(29,2024,1505856107,2.76,38627,0.0014000,198),
(30,2024,15463134387,4.20,33418,0.0100000,144),
(31,2024,112211952704,2.81,17412,0.1000000,71),
(32,2024,23250214910,4.99,987,0.0200000,125),
(33,2024,2162378759,3.49,154,0.0019000,190),
(34,2024,2767599017,7.27,5273,0.0025000,182),
(35,2024,46352647035,6.02,2628,0.0400000,100),
(36,2024,51326764685,3.67,1762,0.0500000,94),
(37,2024,2241253230970,1.53,54283,2.0100000,9),
(39,2024,7139428558,4.36,97750,0.0067000,164),
(40,2024,2751544520,1.54,516,0.0025000,183),
(41,2024,20625711665,3.65,1016,0.0200000,129),
(42,2024,330267137372,2.64,16710,0.3000000,46),
(43,2024,18743803170827,4.98,13303,16.8500000,2),
(44,2024,418542042920,1.74,7914,0.3800000,39),
(45,2024,1546164420,3.39,1784,0.0014000,197),
(46,2024,15719985776,2.58,2482,0.0100000,143),
(47,2024,366211548,19.07,25750,0.0003500,212),
(48,2024,95350423177,4.32,18587,0.0900000,74),
(49,2024,92526176109,3.81,23931,0.0800000,76),
(50,2024,201985998168,-1.93,18329,0.1900000,57),
(51,2024,3281419347,4.20,21062,0.0031000,180),
(52,2024,36333022329,3.45,38654,0.0300000,107),
(53,2024,345036675975,1.12,31707,0.3100000,45),
(54,2024,86538413923,5.95,2710,0.0800000,78),
(55,2024,70749355652,6.68,647,0.0600000,89),
(56,2024,429457372072,3.68,71852,0.3900000,37),
(57,2024,4086402719,5.95,3496,0.0037000,175),
(58,2024,688881481,2.05,10405,0.0006200,207),
(59,2024,124282245639,4.95,10876,0.1100000,67),
(60,2024,124676074700,-2.00,6875,0.1100000,65),
(61,2024,389059911004,2.40,3338,0.3500000,42),
(62,2024,35364960000,2.60,5580,0.0300000,108),
(63,2024,12765777677,0.91,6745,0.0100000,150),
(64,2024,2275290216,2.80,656,0.0021000,186),
(65,2024,42764929169,-0.26,31170,0.0400000,105),
(66,2024,4891883720,2.64,3936,0.0044000,169),
(67,2024,142073000000,8.05,1311,0.1300000,62),
(68,2024,3907323961,2.49,71774,0.0037000,177),
(70,2024,5840564073,3.83,6288,0.0052000,168),
(71,2024,299835625551,-0.15,53189,0.2700000,48),
(72,2024,3162079073496,1.17,46150,2.8400000,7),
(74,2024,6402221222,3.00,22774,0.0060000,167),
(75,2024,20867044936,3.38,8219,0.0200000,128),
(76,2024,2507519958,5.75,909,0.0023000,185),
(77,2024,33776141251,9.43,9194,0.0300000,109),
(78,2024,4659929336891,-0.24,55800,4.1900000,3),
(79,2024,82825288889,5.68,2406,0.0700000,81),
(81,2024,257144811302,2.27,24752,0.2300000,54),
(82,2024,3326544174,0.87,58499,0.0031000,179),
(83,2024,1391435993,3.69,11872,0.0013000,199),
(85,2024,6910000000,5.10,41833,0.0067000,166),
(86,2024,113199586004,3.65,6150,0.1000000,70),
(87,2024,25334307879,5.67,1717,0.0200000,120),
(88,2024,2119865935,4.81,963,0.0019000,191),
(89,2024,24835899826,43.37,29884,0.0200000,122),
(90,2024,25224154991,-4.17,2143,0.0200000,121),
(92,2024,37093565854,3.55,3426,0.0300000,106),
(93,2024,407106738445,2.54,54107,0.3700000,40),
(94,2024,222904723252,0.51,23311,0.2000000,55),
(95,2024,33462807983,0.52,82704,0.0300000,110),
(96,2024,3912686168582,6.48,2697,3.5200000,5),
(97,2024,1396300098191,5.03,4925,1.2600000,16),
(98,2024,436906331672,3.04,4771,0.3900000,36),
(99,2024,279641257615,-1.55,6074,0.2500000,51),
(100,2024,577389475010,1.22,107316,0.5200000,26),
(101,2024,7431257411,-4.17,88329,0.0073000,162),
(102,2024,540379921262,0.87,54177,0.4900000,28),
(103,2024,2372774547793,0.73,40226,2.1300000,8),
(104,2024,19930288337,-0.72,7020,0.0200000,131),
(105,2024,4026210821147,0.08,32476,3.6200000,4),
(106,2024,53352289577,2.49,4618,0.0500000,93),
(107,2024,288406138231,4.80,14005,0.2600000,50),
(108,2024,124498691699,4.50,2206,0.1100000,66),
(109,2024,307862547,5.27,2289,0.0002800,214),
(110,2024,160227273001,-2.56,32214,0.1400000,60),
(111,2024,17478259659,9.04,2419,0.0200000,137),
(112,2024,16502933121,4.26,2124,0.0100000,140),
(113,2024,43520773851,-0.44,23368,0.0400000,103),
(114,2024,29339000000,-7.50,5480,0.0300000,113),
(115,2024,2271541846,2.76,972,0.0020000,187),
(116,2024,4750000000,4.79,846,0.0043000,170),
(117,2024,46636278902,-0.61,6318,0.0400000,99),
(118,2024,8465000000,-0.29,207034,0.0076000,158),
(119,2024,84869215513,2.77,29386,0.0800000,80),
(120,2024,93197329012,1.03,137517,0.0800000,75),
(121,2024,50183212761,8.81,73047,0.0500000,95),
(122,2024,17420814801,4.20,545,0.0200000,138),
(123,2024,11008925323,1.83,508,0.0099000,152),
(124,2024,421972102254,5.11,11867,0.3800000,38),
(125,2024,6975146349,5.13,13216,0.0063000,165),
(126,2024,26588067731,5.00,1086,0.0200000,116),
(127,2024,24322006608,5.97,42347,0.0200000,123),
(128,2024,280357844,2.77,7467,0.0002500,215),
(130,2024,10766731874,5.20,2083,0.0097000,153),
(131,2024,14952555415,4.69,11872,0.0100000,145),
(133,2024,1852722885258,1.45,14158,1.6700000,13),
(134,2024,471425099,0.72,4166,0.0004200,210),
(135,2024,18200340854,0.10,7618,0.0200000,135),
(136,2024,9995350547,5.04,256581,0.0093000,155),
(137,2024,23586055802,4.86,6691,0.0200000,124),
(138,2024,8069536126,3.04,12935,0.0073000,159),
(139,2024,80429630,7.29,18197,0.0000760,217),
(140,2024,154430996473,3.24,3993,0.1400000,61),
(141,2024,22416650343,1.85,647,0.0200000,126),
(142,2024,74079772652,-0.97,1359,0.0700000,87),
(143,2024,13372354269,3.71,4413,0.0100000,149),
(144,2024,160350640,1.76,13422,0.0001400,216),
(145,2024,42914268287,3.67,1447,0.0400000,104),
(146,2024,1227543925316,0.98,68219,1.1000000,19),
(147,2024,10139988153,-0.41,34981,0.0096000,154),
(148,2024,260235932559,-0.13,48747,0.2300000,53),
(149,2024,19693982968,3.59,2848,0.0200000,132),
(150,2024,19537639288,8.42,723,0.0200000,133),
(151,2024,187759703100,3.43,807,0.1700000,59),
(153,2024,16446632290,3.06,640,0.0200000,141),
(154,2024,16685236492,2.76,9310,0.0100000,139),
(155,2024,1096000000,16.64,23786,0.0011000,202),
(156,2024,483727398216,2.10,86810,0.4300000,32),
(157,2024,106942782835,1.67,20248,0.1000000,72),
(158,2024,373071855732,3.23,1485,0.3400000,44),
(159,2024,322000000,12.01,18277,0.0002900,213),
(160,2024,86260400000,2.86,19103,0.0800000,79),
(161,2024,32538480024,4.09,3076,0.0300000,111),
(162,2024,44458118400,4.25,6416,0.0400000,101),
(163,2024,289221969060,3.30,8452,0.2600000,49),
(164,2024,461617509782,5.69,3985,0.4100000,34),
(165,2024,914696430325,2.92,25023,0.8200000,21),
(166,2024,308683317393,1.93,28844,0.2800000,47),
(167,2024,125841500000,3.23,39285,0.1100000,64),
(168,2024,217982967033,2.77,76276,0.2000000,56),
(169,2024,382767571329,0.81,20072,0.3400000,43),
(170,2024,2173835806672,4.34,14889,1.9500000,11),
(171,2024,14251642231,8.89,1000,0.0100000,146),
(175,2024,1066681481,1.17,22771,0.0009600,204),
(176,2024,2549062963,3.89,14182,0.0023000,184),
(177,2024,649206156,4.90,21668,0.0006600,208),
(179,2024,1068025244,9.42,4899,0.0009600,203),
(180,2024,2086000000,1.00,60946,0.0019000,192),
(181,2024,764274043,0.90,3245,0.0006900,206),
(182,2024,1237529866667,1.81,35057,1.1100000,18),
(183,2024,32267254425,6.89,1744,0.0300000,112),
(184,2024,89083506277,3.88,13524,0.0800000,77),
(185,2024,2167239562,3.47,17859,0.0019000,189),
(186,2024,7547843281,4.00,873,0.0068000,161),
(187,2024,547386645892,4.39,90674,0.4900000,27),
(188,2024,1735210228,3.50,40028,0.0016000,196),
(189,2024,141775733420,2.06,26148,0.1300000,63),
(190,2024,72485008929,1.59,34089,0.0700000,88),
(191,2024,1760767447,2.54,2149,0.0016000,194),
(192,2024,12108515110,3.97,637,0.0100000,151),
(193,2024,400260724226,0.58,6253,0.3600000,41),
(194,2024,1875388000000,2.00,36239,1.6800000,12),
(195,2024,4637000000,-26.14,388,0.0042000,173),
(196,2024,1722745978335,3.15,35297,1.5500000,15),
(197,2024,98963185510,5.01,4516,0.0900000,73),
(198,2024,1157207407,4.06,11501,0.0010000,201),
(199,2024,13711100000,-26.56,2592,0.0100000,148),
(200,2024,49909807030,-13.49,989,0.0400000,96),
(201,2024,4714267822,2.84,7431,0.0042000,171),
(202,2024,610117791237,0.97,57723,0.5500000,25),
(203,2024,936564198049,1.30,103670,0.8400000,20),
(204,2024,19993439950,-1.21,847,0.0200000,130),
(205,2024,801495000000,5.27,34252,0.7200000,22),
(206,2024,14204575549,8.40,1341,0.0100000,147),
(207,2024,78779864877,5.53,1186,0.0700000,84),
(208,2024,526411265428,2.53,7345,0.4700000,30),
(209,2024,1881265333,-2.19,1343,0.0017000,193),
(210,2024,9925732120,5.30,1043,0.0089000,156),
(212,2024,646000000,1.72,6498,0.0005800,209),
(213,2024,26428963758,1.65,19315,0.0200000,117),
(214,2024,53409988745,1.35,4350,0.0500000,92),
(215,2024,1323254808059,3.18,15473,1.1900000,17),
(216,2024,64239891739,2.26,8572,0.0600000,90),
(217,2024,1745378000,5.64,37507,0.0016000,195),
(218,2024,56000000,3.08,5729,0.0000500,218),
(219,2024,4672000000,-1.31,44321,0.0046000,172),
(220,2024,53651874314,6.14,1073,0.0500000,91),
(221,2024,190741263732,2.91,5389,0.1700000,58),
(222,2024,537078829135,3.76,49378,0.4800000,29),
(223,2024,3643834188783,1.10,52637,3.2800000,6),
(224,2024,29184890000000,2.80,85810,26.2300000,1),
(225,2024,80961511074,3.11,23907,0.0700000,82),
(226,2024,114965293467,6.50,3162,0.1000000,69),
(227,2024,1161251868,3.97,3543,0.0010000,200),
(228,2024,120566000000,5.30,4539,0.1100000,68),
(229,2024,476388230307,7.09,4717,0.4300000,33),
(232,2024,8058000000,-1.46,441,0.0072000,160),
(233,2024,26325775287,4.04,1235,0.0200000,118),
(234,2024,44187704410,2.03,2656,0.0400000,102);
/*!40000 ALTER TABLE `Indikator_GDP` ENABLE KEYS */;
UNLOCK TABLES;
COMMIT;
SET AUTOCOMMIT=@OLD_AUTOCOMMIT;

--
-- Table structure for table `Indikator_Populasi`
--

DROP TABLE IF EXISTS `Indikator_Populasi`;
/*!40101 SET @saved_cs_client     = @@character_set_client */;
/*!40101 SET character_set_client = utf8mb4 */;
CREATE TABLE `Indikator_Populasi` (
  `id_negara` smallint(6) NOT NULL,
  `tahun` smallint(6) NOT NULL,
  `jumlah_populasi` bigint(20) DEFAULT NULL CHECK (`jumlah_populasi` > 0),
  `persentase_perubahan_tahunan` decimal(5,2) DEFAULT NULL,
  `perubahan_tahunan` int(11) DEFAULT NULL,
  `migrasi_bersih` int(11) DEFAULT NULL,
  `usia_median` decimal(4,2) DEFAULT NULL CHECK (`usia_median` >= 0),
  `tingkat_fertilitas` decimal(4,2) DEFAULT NULL,
  `kepadatan_penduduk` smallint(6) DEFAULT NULL CHECK (`kepadatan_penduduk` >= 0),
  `persentase_penduduk_urban` decimal(5,2) DEFAULT NULL CHECK (`persentase_penduduk_urban` between 0 and 100),
  `jumlah_penduduk_urban` int(11) DEFAULT NULL CHECK (`jumlah_penduduk_urban` >= 0),
  `persentase_populasi_dunia` decimal(10,7) DEFAULT NULL CHECK (`persentase_populasi_dunia` between 0 and 100),
  `rank_populasi` smallint(6) DEFAULT NULL CHECK (`rank_populasi` > 0),
  PRIMARY KEY (`id_negara`,`tahun`),
  UNIQUE KEY `ranks_populasi` (`tahun`,`rank_populasi`),
  CONSTRAINT `1` FOREIGN KEY (`id_negara`) REFERENCES `Negara` (`id_negara`) ON DELETE CASCADE,
  CONSTRAINT `2` FOREIGN KEY (`tahun`) REFERENCES `Tahun` (`tahun`)
) ENGINE=InnoDB DEFAULT CHARSET=utf8mb4 COLLATE=utf8mb4_uca1400_ai_ci;
/*!40101 SET character_set_client = @saved_cs_client */;

--
-- Dumping data for table `Indikator_Populasi`
--

SET @OLD_AUTOCOMMIT=@@AUTOCOMMIT, @@AUTOCOMMIT=0;
LOCK TABLES `Indikator_Populasi` WRITE;
/*!40000 ALTER TABLE `Indikator_Populasi` DISABLE KEYS */;
INSERT INTO `Indikator_Populasi` VALUES
(1,2024,42647492,2.88,1192731,-44089,17.10,4.76,65,26.50,11320521,0.5200000,36),
(2,2024,2791765,-0.71,-19890,-24472,36.70,1.34,102,69.00,1927019,0.0340000,144),
(3,2024,46814308,1.41,650089,-31240,28.40,2.72,20,74.00,34656776,0.5700000,32),
(4,2024,46765,-1.59,-756,-1110,28.70,2.27,234,NULL,NULL,0.0005700,210),
(5,2024,81938,1.34,1082,988,43.50,1.09,174,83.20,68135,0.0010000,201),
(6,2024,37885849,3.09,1135943,-2629,16.50,5.05,30,68.10,25811665,0.4600000,39),
(7,2024,14598,1.30,188,109,38.30,1.36,162,NULL,NULL,0.0001800,222),
(8,2024,93772,0.49,456,9,35.90,1.58,213,28.30,26559,0.0011000,199),
(9,2024,45696159,0.35,157758,3454,32.50,1.50,17,95.40,43600665,0.5600000,35),
(10,2024,2973840,1.03,30447,-29966,36.10,1.72,104,63.10,1877736,0.0360000,140),
(11,2024,108066,0.12,127,141,41.30,1.61,600,44.40,47945,0.0013000,196),
(12,2024,26713205,0.99,262081,138510,38.00,1.64,3,86.30,23052351,0.3300000,55),
(13,2024,9120813,-0.11,-9616,8813,43.40,1.32,111,58.10,5300327,0.1100000,99),
(14,2024,10336577,0.18,18370,10864,33.10,1.67,125,58.30,6022102,0.1300000,93),
(15,2024,401283,0.46,1843,1018,35.00,1.37,40,88.00,352937,0.0049000,177),
(16,2024,1607049,2.38,37383,22699,33.20,1.80,2115,NULL,NULL,0.0200000,153),
(17,2024,173562364,1.22,2095374,-473362,25.70,2.14,1333,42.00,72825128,2.1300000,8),
(18,2024,282467,0.05,131,-70,39.20,1.71,657,32.30,91256,0.0035000,186),
(19,2024,9056696,-0.65,-58984,-3119,40.90,1.22,45,83.60,7573523,0.1100000,102),
(20,2024,11738763,0.22,25870,36243,41.70,1.38,388,98.60,11574575,0.1400000,83),
(21,2024,417072,1.45,5966,490,26.40,2.02,18,48.20,200862,0.0051000,176),
(22,2024,14462724,2.49,351690,-7725,17.90,4.48,128,47.20,6820688,0.1800000,76),
(23,2024,64636,-0.10,-62,-5,45.60,1.41,1293,93.10,60154,0.0007900,205),
(24,2024,791524,0.65,5139,-277,29.90,1.45,21,49.50,391429,0.0097000,166),
(25,2024,12413315,1.38,169156,-3000,24.90,2.52,11,70.30,8726746,0.1500000,79),
(26,2024,3164253,-0.65,-20820,-4497,45.30,1.49,62,55.50,1757404,0.0390000,138),
(27,2024,2521139,1.65,40895,-5778,23.20,2.70,4,75.10,1892771,0.0310000,146),
(28,2024,211998573,0.41,857844,-225510,34.40,1.61,25,91.00,192914763,2.6000000,7),
(29,2024,39471,1.25,486,212,38.00,1.05,263,43.00,16988,0.0004800,215),
(30,2024,462721,0.82,3772,0,32.20,1.73,88,79.70,368738,0.0057000,175),
(31,2024,6757689,-0.56,-38114,524,44.50,1.75,62,76.90,5195965,0.0830000,110),
(32,2024,23548781,2.27,523005,-25807,17.50,4.11,86,32.90,7744099,0.2900000,59),
(33,2024,14047786,2.62,358336,-27074,16.10,4.79,547,14.50,2035578,0.1700000,78),
(34,2024,524877,0.49,2546,-1209,28.40,1.51,130,77.60,407063,0.0064000,174),
(35,2024,17638801,1.23,214921,-32960,26.00,2.55,100,26.00,4581944,0.2200000,73),
(36,2024,29123744,2.65,751057,-13892,17.90,4.26,62,58.90,17154348,0.3600000,51),
(37,2024,39742430,1.13,443325,368599,40.50,1.34,4,80.20,31863601,0.4900000,38),
(38,2024,30675,2.60,777,685,39.60,1.46,94,66.50,20387,0.0003800,219),
(39,2024,74457,1.94,1419,896,38.30,1.52,310,89.80,66872,0.0009100,203),
(40,2024,5330690,3.46,178269,-15357,14.40,5.95,9,44.40,2368409,0.0650000,118),
(41,2024,20299123,5.07,980059,204040,15.70,6.03,16,22.20,4508833,0.2500000,64),
(42,2024,19764771,0.54,105936,58316,36.40,1.14,27,84.60,16724992,0.2400000,67),
(43,2024,1419321278,-0.23,-3263655,-318992,39.60,1.01,151,66.40,941865672,17.3900000,2),
(44,2024,52886363,1.08,565211,141643,32.00,1.63,48,80.60,42612369,0.6500000,28),
(45,2024,866628,1.91,16241,-2051,20.50,3.82,466,33.20,287574,0.0110000,162),
(46,2024,6332961,2.43,150076,-2491,18.40,4.11,19,69.20,4383333,0.0780000,112),
(47,2024,13729,-3.47,-493,-505,36.10,2.02,57,98.30,13499,0.0001700,223),
(48,2024,5129910,0.48,24385,967,34.60,1.32,100,84.50,4332482,0.0630000,127),
(49,2024,3875325,-0.53,-20698,-5186,45.00,1.47,69,61.20,2372446,0.0470000,130),
(50,2024,10979783,-0.36,-40148,-22356,41.90,1.45,103,81.40,8939311,0.1300000,90),
(51,2024,185482,0.03,55,513,38.50,1.07,418,80.30,148991,0.0023000,189),
(52,2024,1358282,0.99,13306,8138,38.20,1.38,147,61.20,831571,0.0170000,156),
(53,2024,10735859,-0.68,-73857,-86169,43.20,1.46,139,73.90,7938734,0.1300000,92),
(54,2024,31934230,2.47,768576,7838,18.20,4.23,100,48.50,15492243,0.3900000,50),
(55,2024,109276265,3.30,3486534,-26968,15.80,5.98,48,44.50,48611843,1.3400000,15),
(56,2024,5977412,0.49,29276,25639,41.30,1.52,141,87.30,5219784,0.0730000,114),
(57,2024,1168722,1.37,15778,-11,24.70,2.62,50,71.10,831056,0.0140000,160),
(58,2024,66205,-0.46,-305,-200,35.90,1.48,88,83.40,55224,0.0008100,204),
(59,2024,11427557,0.85,96292,-34806,28.00,2.22,236,85.80,9803213,0.1400000,84),
(60,2024,18135478,0.86,155395,-19704,28.80,1.81,73,65.50,11870894,0.2200000,72),
(61,2024,116538258,1.75,2002486,123884,24.30,2.73,117,40.80,47497912,1.4300000,13),
(62,2024,6338193,0.45,28569,-23102,27.40,1.77,306,79.20,5022985,0.0780000,113),
(63,2024,1892516,2.43,44967,3891,20.90,4.12,67,62.90,1190713,0.0230000,150),
(64,2024,3535603,1.88,65213,-12696,18.90,3.68,35,73.60,2603638,0.0430000,132),
(65,2024,1360546,-0.49,-6650,-7742,42.30,1.36,32,66.10,899574,0.0170000,157),
(66,2024,1242822,1.00,12316,-6754,22.20,2.72,72,30.80,383335,0.0150000,158),
(67,2024,132059767,2.62,3368075,30069,18.90,3.91,132,22.10,29204015,1.6200000,10),
(68,2024,55400,1.25,686,488,37.10,2.22,40,39.60,21912,0.0006800,206),
(69,2024,3470,-0.20,-7,-13,42.20,1.69,0,67.70,2349,0.0000430,231),
(70,2024,928784,0.50,4639,-3278,27.90,2.27,51,60.30,559863,0.0110000,161),
(71,2024,5617310,0.29,16125,26894,43.00,1.29,18,86.40,4853952,0.0690000,122),
(72,2024,66548530,0.17,109708,90527,42.10,1.64,122,82.10,54661663,0.8200000,23),
(73,2024,308522,1.69,5120,-1018,25.10,3.34,4,93.70,289079,0.0038000,183),
(74,2024,281807,0.25,689,-1261,35.40,1.49,77,65.60,184825,0.0035000,185),
(75,2024,2538952,2.18,54163,1105,21.50,3.59,10,83.70,2124612,0.0310000,145),
(76,2024,2759988,2.30,62143,-2989,18.40,3.91,273,60.50,1669536,0.0340000,141),
(77,2024,3807670,0.00,178,1745,37.00,1.80,55,61.80,2351603,0.0470000,131),
(78,2024,84552242,0.00,4011,36954,45.30,1.45,243,76.00,64268012,1.0400000,19),
(79,2024,34427414,1.89,639500,-13114,21.10,3.34,151,57.90,19940842,0.4200000,46),
(80,2024,39329,2.23,858,598,38.80,1.89,3933,90.10,35417,0.0004800,213),
(81,2024,10047817,-1.90,-195091,-122772,46.30,1.34,78,88.50,8890346,0.1200000,96),
(82,2024,55840,-0.15,-82,-284,34.60,1.93,0,90.30,50396,0.0006800,207),
(83,2024,117207,0.11,126,-192,33.90,1.47,345,35.30,41327,0.0014000,194),
(84,2024,375106,-0.37,-1411,-1765,46.90,2.07,222,NULL,NULL,0.0046000,179),
(85,2024,167777,0.76,1271,-504,31.30,2.75,311,98.80,165722,0.0021000,191),
(86,2024,18406359,1.55,281521,-7725,23.00,2.29,172,56.00,10302289,0.2300000,69),
(87,2024,14754785,2.42,349317,-12024,18.10,4.13,60,39.70,5864528,0.1800000,75),
(88,2024,2201352,2.23,48013,-1712,19.20,3.76,78,45.70,1006379,0.0270000,148),
(89,2024,831087,0.57,4734,-5407,25.90,2.40,4,26.50,220416,0.0100000,165),
(90,2024,11772557,1.16,135159,-31747,23.80,2.63,427,61.00,7176312,0.1400000,82),
(91,2024,496,0.00,0,18,58.70,1.00,1240,NULL,NULL,0.0000061,234),
(92,2024,10825703,1.70,180852,-4821,23.90,2.48,97,57.90,6270666,0.1300000,87),
(93,2024,7414909,-0.37,-27825,-19272,46.80,0.73,7062,NULL,NULL,0.0910000,107),
(94,2024,9676135,-0.11,-10328,16223,43.60,1.49,107,71.70,6935516,0.1200000,98),
(95,2024,393396,1.51,5838,3543,36.00,1.52,4,84.40,332066,0.0048000,178),
(96,2024,1450935791,0.89,12866195,-630830,28.40,1.96,488,36.60,530387142,17.7800000,1),
(97,2024,283487931,0.82,2297864,-38469,30.10,2.12,156,59.00,167176839,3.4700000,4),
(98,2024,91567738,1.06,959031,190156,33.40,1.68,56,73.10,66968458,1.1200000,17),
(99,2024,46042015,2.15,967966,-17735,20.60,3.22,106,71.80,33073885,0.5600000,33),
(100,2024,5255017,1.12,58387,39059,38.70,1.60,76,62.00,3257857,0.0640000,125),
(101,2024,84160,-0.01,-5,177,45.90,1.54,148,56.10,47219,0.0010000,200),
(102,2024,9387021,1.41,130707,10612,29.20,2.79,434,91.30,8571846,0.1200000,97),
(103,2024,59342867,-0.26,-156586,95246,47.80,1.21,202,71.50,42455134,0.7300000,25),
(104,2024,2839175,-0.02,-611,-10506,32.20,1.35,262,59.60,1693452,0.0350000,142),
(105,2024,123753041,-0.50,-617906,153357,49.40,1.22,339,92.90,114979260,1.5200000,12),
(106,2024,11552876,0.99,113663,-156369,24.50,2.60,130,84.10,9717492,0.1400000,85),
(107,2024,20592571,1.29,262467,-7368,29.60,2.98,8,55.20,11360335,0.2500000,65),
(108,2024,56432944,1.98,1093941,-19781,19.80,3.17,99,31.30,17645362,0.6900000,26),
(109,2024,134518,1.50,1988,-471,22.80,3.12,166,56.60,76183,0.0016000,192),
(110,2024,4934507,1.98,95725,61624,34.80,1.51,277,92.10,4544704,0.0600000,128),
(111,2024,7186009,1.59,112493,3645,25.30,2.78,37,35.10,2520990,0.0880000,106),
(112,2024,7769819,1.37,104826,-10284,24.60,2.40,34,37.80,2933677,0.0950000,103),
(113,2024,1871871,-0.56,-10525,-2225,43.30,1.34,30,67.20,1257471,0.0230000,151),
(114,2024,5805962,0.56,32469,-17267,28.60,2.23,568,87.80,5098701,0.0710000,116),
(115,2024,2337423,1.12,25951,-5107,21.60,2.66,77,32.20,753231,0.0290000,147),
(116,2024,5612817,2.18,119786,-7779,18.60,3.86,58,54.30,3045608,0.0690000,117),
(117,2024,7381023,1.03,75364,3448,27.50,2.30,4,77.30,5703871,0.0900000,105),
(118,2024,39870,0.69,272,206,44.40,1.54,249,14.60,5824,0.0004900,214),
(119,2024,2859110,0.18,5011,2617,42.00,1.21,46,67.50,1930992,0.0350000,143),
(120,2024,673036,1.19,7938,5677,39.20,1.40,260,87.00,585372,0.0082000,168),
(121,2024,720262,0.89,6350,1620,38.90,0.68,24009,96.00,691748,0.0088000,167),
(122,2024,31964956,2.47,769024,-1795,19.00,3.91,55,39.60,12663299,0.3900000,49),
(123,2024,21655286,2.61,550804,-1507,17.80,3.59,230,19.50,4213135,0.2700000,62),
(124,2024,35557673,1.23,431375,174770,30.50,1.54,108,76.90,27360379,0.4400000,45),
(125,2024,527799,0.34,1805,-2421,31.90,1.56,1759,38.90,205383,0.0065000,173),
(126,2024,24478595,2.98,709468,-46880,15.60,5.51,20,43.70,10703771,0.3000000,58),
(127,2024,539607,1.25,6651,6323,40.70,1.11,1686,77.20,416462,0.0066000,172),
(128,2024,37548,-3.29,-1279,-1765,20.50,2.86,209,NULL,NULL,0.0004600,217),
(129,2024,343195,-0.81,-2807,-2744,49.30,1.99,324,NULL,NULL,0.0042000,182),
(130,2024,5169395,2.93,146954,-2185,17.30,4.63,5,59.80,3091176,0.0630000,123),
(131,2024,1271169,-0.19,-2419,-2787,37.40,1.23,626,41.30,524857,0.0160000,159),
(132,2024,326505,3.32,10490,108,16.90,4.56,871,41.70,136281,0.0040000,180),
(133,2024,130861007,0.86,1121248,-104581,29.30,1.89,67,87.40,114397383,1.6000000,11),
(134,2024,113160,0.47,530,-1104,23.10,2.74,162,23.20,26216,0.0014000,195),
(135,2024,3034961,-1.05,-32109,-27088,38.10,1.73,92,56.90,1726637,0.0370000,139),
(136,2024,38631,-0.83,-325,110,54.00,2.10,25927,NULL,NULL,0.0004700,216),
(137,2024,3475540,1.27,43608,83,26.90,2.63,2,67.10,2331884,0.0430000,133),
(138,2024,638479,0.78,4927,-1686,39.60,1.80,47,67.80,432688,0.0078000,170),
(139,2024,4389,-0.70,-31,-7,41.60,1.45,44,11.30,495,0.0000540,230),
(140,2024,38081173,0.98,368668,-46802,29.50,2.21,85,66.70,25413883,0.4700000,41),
(141,2024,34631766,2.96,996606,-38940,16.40,4.69,44,41.00,14201743,0.4200000,44),
(142,2024,54500091,0.68,366293,-37979,29.80,2.10,83,33.70,18372626,0.6700000,27),
(143,2024,3030131,2.26,67036,4211,21.10,3.21,4,53.70,1626604,0.0370000,137),
(144,2024,11947,0.61,72,-121,20.30,3.29,597,94.50,11291,0.0001500,224),
(145,2024,29651054,-0.15,-43560,-401282,25.00,1.96,207,23.80,7048429,0.3600000,52),
(146,2024,18228742,0.75,136218,121628,41.40,1.43,541,89.10,16233370,0.2200000,71),
(147,2024,292639,0.96,2769,455,34.20,1.96,16,75.20,219950,0.0036000,184),
(148,2024,5213944,0.79,41108,18766,37.50,1.66,20,83.40,4349435,0.0640000,126),
(149,2024,6916140,1.36,92527,-8189,25.60,2.21,57,58.00,4011856,0.0850000,108),
(150,2024,27032412,3.34,872545,-4041,15.40,5.93,21,17.90,4826099,0.3300000,53),
(151,2024,232679478,2.10,4796533,-35202,17.90,4.38,255,53.90,125447884,2.8500000,6),
(152,2024,1819,0.11,2,10,36.40,2.49,7,44.00,800,0.0000220,233),
(153,2024,26498823,0.31,80619,-2473,36.30,1.78,220,62.90,16673964,0.3200000,56),
(154,2024,1823009,-0.48,-8793,-5728,40.60,1.47,72,68.60,1250756,0.0220000,152),
(155,2024,44278,-1.92,-865,-1097,37.10,2.32,96,NULL,NULL,0.0005400,212),
(156,2024,5576660,1.04,57493,44356,39.70,1.41,15,85.50,4768820,0.0680000,121),
(157,2024,5281538,4.60,232269,154219,29.50,2.51,17,92.80,4900404,0.0650000,120),
(158,2024,251269164,1.52,3764669,-1401173,20.40,3.55,326,34.10,85615064,3.0800000,5),
(159,2024,17695,-0.18,-32,-14,38.20,1.88,38,NULL,NULL,0.0002200,221),
(160,2024,4515577,1.27,56818,6706,29.90,2.11,61,70.20,3170174,0.0550000,129),
(161,2024,10576502,1.80,186867,-707,22.60,3.07,23,12.40,1310465,0.1300000,89),
(162,2024,6929153,1.24,85007,-12451,26.60,2.42,17,67.80,4694516,0.0850000,109),
(163,2024,34217848,1.10,372231,18406,29.80,1.97,27,80.40,27522690,0.4200000,48),
(164,2024,115843670,0.83,952471,-160373,25.70,1.89,389,48.70,56434179,1.4200000,14),
(165,2024,38539201,-0.58,-223643,-238062,41.80,1.30,126,58.70,22625763,0.4700000,42),
(166,2024,10425292,-0.05,-5446,20648,46.60,1.51,114,66.20,6897865,0.1300000,94),
(167,2024,3242204,0.01,181,11561,45.50,0.94,366,NULL,NULL,0.0400000,135),
(168,2024,3048423,2.33,69341,46105,33.50,1.72,263,97.30,2965657,0.0370000,136),
(169,2024,19015088,-0.54,-103391,-28466,42.90,1.71,83,54.90,10437471,0.2300000,70),
(170,2024,144820423,-0.43,-620077,-178042,39.90,1.46,9,74.60,107976212,1.7700000,9),
(171,2024,14256567,2.16,302096,-15582,19.70,3.65,578,18.10,2576901,0.1700000,77),
(172,2024,878591,0.42,3708,-2931,37.80,2.15,351,NULL,NULL,0.0110000,163),
(173,2024,11258,1.56,173,180,38.90,0.81,536,NULL,NULL,0.0001400,225),
(174,2024,5237,-0.98,-52,4,50.70,1.64,13,32.90,1722,0.0000640,229),
(175,2024,46843,0.18,85,-7,35.80,1.53,180,39.00,18274,0.0005700,209),
(176,2024,179744,0.26,459,-7,34.20,1.39,295,19.70,35479,0.0022000,190),
(177,2024,26129,-5.04,-1386,-1424,41.00,2.67,493,NULL,NULL,0.0003200,220),
(178,2024,5628,-0.93,-53,-2,46.80,1.27,24,NULL,NULL,0.0000690,228),
(179,2024,218019,0.63,1356,-2754,19.80,3.80,77,16.40,35688,0.0027000,188),
(180,2024,33581,-0.45,-152,37,48.00,1.16,560,99.80,33530,0.0004100,218),
(181,2024,235536,2.02,4665,-604,19.30,3.60,245,77.60,182727,0.0029000,187),
(182,2024,33962757,2.10,698465,122170,29.60,2.31,16,92.30,31350546,0.4200000,47),
(183,2024,18501984,2.35,424411,-10307,19.40,3.77,96,51.70,9559605,0.2300000,68),
(184,2024,6736216,-0.55,-36985,-8132,44.10,1.50,77,73.00,4919917,0.0830000,111),
(185,2024,130418,1.93,2467,1747,34.00,2.11,284,44.20,57593,0.0016000,193),
(186,2024,8642022,2.15,181510,-11000,19.50,3.70,120,45.10,3898920,0.1100000,101),
(187,2024,5832387,0.75,43297,20011,35.60,0.95,8332,NULL,NULL,0.0710000,115),
(188,2024,43350,1.41,601,558,41.70,1.44,1275,100.00,43347,0.0005300,211),
(189,2024,5506760,-0.20,-11295,-21027,41.80,1.56,115,53.50,2948749,0.0670000,124),
(190,2024,2118697,0.01,301,3319,44.30,1.58,105,55.40,1172906,0.0260000,149),
(191,2024,819198,2.40,19193,1610,20.50,3.51,29,22.50,184413,0.0100000,164),
(192,2024,19009151,3.54,650536,26859,15.50,6.01,30,46.30,8795255,0.2300000,66),
(193,2024,64007187,1.26,794803,166972,28.50,2.21,53,66.30,42416701,0.7800000,24),
(194,2024,51717590,-0.06,-31149,75963,45.00,0.73,532,82.10,42454846,0.6300000,31),
(195,2024,11943408,4.01,460034,15374,18.30,3.79,20,27.10,3241033,0.1500000,80),
(196,2024,47910526,0.00,-1053,111674,45.40,1.22,96,79.10,37911965,0.5900000,34),
(197,2024,23103565,0.57,131948,-27245,33.10,1.95,368,17.90,4137016,0.2800000,60),
(198,2024,100616,-0.70,-707,-737,34.20,1.76,258,60.60,61021,0.0012000,198),
(199,2024,5495443,1.59,86241,-23145,19.90,3.25,913,83.30,4579543,0.0670000,119),
(200,2024,50448963,0.81,406172,-544257,18.40,4.26,29,34.90,17593905,0.6200000,29),
(201,2024,634431,0.88,5545,-1166,28.40,2.23,4,62.40,395944,0.0078000,169),
(202,2024,10606999,0.53,55505,50115,40.10,1.43,26,87.00,9231909,0.1300000,91),
(203,2024,8921981,0.58,51420,40099,42.70,1.44,226,74.20,6615850,0.1100000,100),
(204,2024,24672760,4.57,1078137,546494,22.80,2.70,134,52.90,13052654,0.3000000,57),
(205,2024,23213962,-0.44,-103183,-25832,44.20,0.86,656,83.20,19307854,0.2800000,61),
(206,2024,10590927,1.94,201128,-21236,22.10,3.04,76,27.40,2905902,0.1300000,88),
(207,2024,68560157,2.92,1942551,-29865,17.40,4.54,77,39.30,26929194,0.8400000,20),
(208,2024,71668011,-0.05,-34424,23321,40.10,1.20,140,52.80,37838857,0.8800000,21),
(209,2024,1400638,1.18,16352,-2552,21.30,2.63,94,35.30,494012,0.0170000,155),
(210,2024,9515236,2.27,210899,-14014,18.90,4.12,175,43.60,4146103,0.1200000,95),
(211,2024,2506,4.55,109,72,26.90,2.60,251,NULL,NULL,0.0000310,232),
(212,2024,104175,-0.40,-422,-2149,20.70,3.10,145,25.60,26647,0.0013000,197),
(213,2024,1507782,0.32,4850,1334,37.20,1.54,294,49.10,739778,0.0180000,154),
(214,2024,12277109,0.63,76678,-15221,32.50,1.82,79,71.20,8743444,0.1500000,81),
(215,2024,87473805,0.23,203304,-275952,33.00,1.62,114,76.40,66795292,1.0700000,18),
(216,2024,7494498,1.77,130060,14646,26.60,2.66,16,46.20,3465717,0.0920000,104),
(217,2024,46535,0.73,337,176,38.70,1.45,49,78.90,36697,0.0005700,208),
(218,2024,9646,-1.73,-170,-280,24.30,3.17,322,83.00,8006,0.0001200,227),
(219,2024,84905,-0.93,-796,-420,44.80,2.08,243,NULL,NULL,0.0010000,202),
(220,2024,50015092,2.79,1358491,-117924,16.70,4.17,250,29.30,14635755,0.6100000,30),
(221,2024,37860221,0.34,127385,1146012,42.10,0.99,65,79.20,30002585,0.4600000,40),
(222,2024,11027129,3.62,385048,278439,31.60,1.21,132,82.30,9074536,0.1400000,86),
(223,2024,69138192,0.66,455230,417114,40.00,1.55,286,84.40,58353588,0.8500000,22),
(224,2024,345426571,0.57,1949236,1286132,38.30,1.62,38,82.40,284698234,4.2300000,3),
(225,2024,3386588,-0.04,-1493,-1348,36.10,1.40,19,NULL,NULL,0.0410000,134),
(226,2024,36361859,1.99,709552,-7066,27.00,3.49,85,48.40,17614842,0.4500000,43),
(227,2024,327777,2.30,7368,-43,20.20,3.57,27,25.30,83089,0.0040000,181),
(228,2024,28405543,0.37,104689,-105297,29.20,2.08,32,NULL,NULL,0.3500000,54),
(229,2024,100987686,0.63,635494,-59645,32.90,1.90,326,40.60,40975863,1.2400000,16),
(230,2024,11277,-0.82,-93,-93,37.70,1.41,81,NULL,NULL,0.0001400,226),
(231,2024,590506,1.86,10777,5358,32.30,2.18,2,96.60,570194,0.0072000,171),
(232,2024,40583164,3.03,1192365,-10482,18.30,4.50,77,32.80,13317380,0.5000000,37),
(233,2024,21314956,2.85,590991,7381,17.70,4.04,29,46.20,9843878,0.2600000,63),
(234,2024,16634373,1.80,293551,-60528,18.00,3.67,43,37.70,6269464,0.2000000,74);
/*!40000 ALTER TABLE `Indikator_Populasi` ENABLE KEYS */;
UNLOCK TABLES;
COMMIT;
SET AUTOCOMMIT=@OLD_AUTOCOMMIT;

--
-- Table structure for table `Jenis_Energi`
--

DROP TABLE IF EXISTS `Jenis_Energi`;
/*!40101 SET @saved_cs_client     = @@character_set_client */;
/*!40101 SET character_set_client = utf8mb4 */;
CREATE TABLE `Jenis_Energi` (
  `id_jenis` smallint(6) NOT NULL AUTO_INCREMENT,
  `nama_jenis` varchar(100) NOT NULL,
  PRIMARY KEY (`id_jenis`)
) ENGINE=InnoDB AUTO_INCREMENT=5 DEFAULT CHARSET=utf8mb4 COLLATE=utf8mb4_uca1400_ai_ci;
/*!40101 SET character_set_client = @saved_cs_client */;

--
-- Dumping data for table `Jenis_Energi`
--

SET @OLD_AUTOCOMMIT=@@AUTOCOMMIT, @@AUTOCOMMIT=0;
LOCK TABLES `Jenis_Energi` WRITE;
/*!40000 ALTER TABLE `Jenis_Energi` DISABLE KEYS */;
INSERT INTO `Jenis_Energi` VALUES
(1,'Oil'),
(2,'Gas'),
(3,'Coal'),
(4,'Renewable & Nuclear');
/*!40000 ALTER TABLE `Jenis_Energi` ENABLE KEYS */;
UNLOCK TABLES;
COMMIT;
SET AUTOCOMMIT=@OLD_AUTOCOMMIT;

--
-- Table structure for table `Kategori_Ekonomi`
--

DROP TABLE IF EXISTS `Kategori_Ekonomi`;
/*!40101 SET @saved_cs_client     = @@character_set_client */;
/*!40101 SET character_set_client = utf8mb4 */;
CREATE TABLE `Kategori_Ekonomi` (
  `id_kategori_ekonomi` smallint(6) NOT NULL AUTO_INCREMENT,
  `jenis_kategori` varchar(100) NOT NULL,
  PRIMARY KEY (`id_kategori_ekonomi`),
  UNIQUE KEY `jenis_kategori` (`jenis_kategori`)
) ENGINE=InnoDB DEFAULT CHARSET=utf8mb4 COLLATE=utf8mb4_uca1400_ai_ci;
/*!40101 SET character_set_client = @saved_cs_client */;

--
-- Dumping data for table `Kategori_Ekonomi`
--

SET @OLD_AUTOCOMMIT=@@AUTOCOMMIT, @@AUTOCOMMIT=0;
LOCK TABLES `Kategori_Ekonomi` WRITE;
/*!40000 ALTER TABLE `Kategori_Ekonomi` DISABLE KEYS */;
/*!40000 ALTER TABLE `Kategori_Ekonomi` ENABLE KEYS */;
UNLOCK TABLES;
COMMIT;
SET AUTOCOMMIT=@OLD_AUTOCOMMIT;

--
-- Table structure for table `Komposisi_Energi`
--

DROP TABLE IF EXISTS `Komposisi_Energi`;
/*!40101 SET @saved_cs_client     = @@character_set_client */;
/*!40101 SET character_set_client = utf8mb4 */;
CREATE TABLE `Komposisi_Energi` (
  `id_negara` smallint(6) NOT NULL,
  `tahun` smallint(6) NOT NULL,
  `id_jenis` smallint(6) NOT NULL,
  `jumlah_komposisi` bigint(20) DEFAULT NULL CHECK (`jumlah_komposisi` >= 0),
  `persentase_konsumsi` tinyint(4) DEFAULT NULL CHECK (`persentase_konsumsi` between 0 and 100),
  PRIMARY KEY (`id_negara`,`tahun`,`id_jenis`),
  KEY `tahun` (`tahun`),
  KEY `id_jenis` (`id_jenis`),
  CONSTRAINT `1` FOREIGN KEY (`id_negara`) REFERENCES `Negara` (`id_negara`) ON DELETE CASCADE,
  CONSTRAINT `2` FOREIGN KEY (`tahun`) REFERENCES `Tahun` (`tahun`),
  CONSTRAINT `3` FOREIGN KEY (`id_jenis`) REFERENCES `Jenis_Energi` (`id_jenis`)
) ENGINE=InnoDB DEFAULT CHARSET=utf8mb4 COLLATE=utf8mb4_uca1400_ai_ci;
/*!40101 SET character_set_client = @saved_cs_client */;

--
-- Dumping data for table `Komposisi_Energi`
--

SET @OLD_AUTOCOMMIT=@@AUTOCOMMIT, @@AUTOCOMMIT=0;
LOCK TABLES `Komposisi_Energi` WRITE;
/*!40000 ALTER TABLE `Komposisi_Energi` DISABLE KEYS */;
INSERT INTO `Komposisi_Energi` VALUES
(1,2017,1,67719000000,47),
(1,2017,2,6111883000,4),
(1,2017,3,45647279000,32),
(1,2017,4,25216212000,17),
(2,2017,1,58100000000,52),
(2,2017,2,1751609000,2),
(2,2017,3,2287932000,2),
(2,2017,4,49703918000,44),
(3,2017,1,836285000000,35),
(3,2017,2,1547998949000,65),
(3,2017,3,879609000,0),
(3,2017,4,13284226000,1),
(6,2017,1,260938000000,72),
(6,2017,2,30060504000,8),
(6,2017,4,71804626000,20),
(8,2017,1,10275000000,97),
(8,2017,4,330278000,3),
(9,2017,1,1536946000000,40),
(9,2017,2,1810186042000,47),
(9,2017,3,32884799000,1),
(9,2017,4,487506754000,13),
(10,2017,1,16603000000,11),
(10,2017,2,87037952000,59),
(10,2017,3,36200000,0),
(10,2017,4,44859745000,30),
(11,2017,1,16626000000,94),
(11,2017,4,980311000,6),
(12,2017,1,2387752000000,39),
(12,2017,2,1632483937000,27),
(12,2017,3,1759556579000,29),
(12,2017,4,347786906000,6),
(13,2017,1,558198000000,37),
(13,2017,2,343709147000,23),
(13,2017,3,95458583000,6),
(13,2017,4,504267644000,34),
(14,2017,1,197835000000,33),
(14,2017,2,382652424000,64),
(14,2017,3,38900000,0),
(14,2017,4,13556239000,2),
(15,2017,1,42416000000,99),
(15,2017,2,1710000,0),
(15,2017,4,436137000,1),
(16,2017,1,131325000000,18),
(16,2017,2,587492554000,82),
(16,2017,4,1047187000,0),
(17,2017,1,265244000000,19),
(17,2017,2,1087707153000,77),
(17,2017,3,53604166000,4),
(17,2017,4,10804392000,1),
(18,2017,1,22983000000,93),
(18,2017,2,760633000,3),
(18,2017,4,1020023000,4),
(19,2017,1,281370000000,29),
(19,2017,2,648569392000,67),
(19,2017,3,13874960000,1),
(19,2017,4,17498754000,2),
(20,2017,1,1356044000000,51),
(20,2017,2,629965520000,23),
(20,2017,3,103584814000,4),
(20,2017,4,595091095000,22),
(21,2017,1,8161000000,64),
(21,2017,4,4566469000,36),
(22,2017,1,90177000000,93),
(22,2017,2,0,0),
(22,2017,3,2992505000,3),
(22,2017,4,4012103001,4),
(23,2017,1,11126000000,99),
(23,2017,4,126000000,1),
(24,2017,1,5367000000,9),
(24,2017,3,1318155000,2),
(24,2017,4,54597299000,89),
(25,2017,1,202423000000,59),
(25,2017,2,117502741000,34),
(25,2017,3,0,0),
(25,2017,4,23428104000,7),
(26,2017,1,69914000000,28),
(26,2017,2,8144761000,3),
(26,2017,3,152591920000,61),
(26,2017,4,21103149000,8),
(27,2017,1,44686000000,47),
(27,2017,3,48215720000,50),
(27,2017,4,3134250000,3),
(28,2017,1,6054245000000,48),
(28,2017,2,1283290145000,10),
(28,2017,3,643393617000,5),
(28,2017,4,4585470801000,36),
(29,2017,1,3193000000,94),
(29,2017,4,204977000,6),
(30,2017,1,31823000000,18),
(30,2017,2,145041953000,82),
(30,2017,4,0,0),
(31,2017,1,196462000000,25),
(31,2017,2,120273534000,16),
(31,2017,3,254070049001,33),
(31,2017,4,203622557000,26),
(32,2017,1,45380000000,92),
(32,2017,4,4036394000,8),
(33,2017,1,3087000000,57),
(33,2017,4,2287860000,43),
(34,2017,1,11948000000,94),
(34,2017,4,712679000,6),
(35,2017,1,99258000000,59),
(35,2017,3,38336810000,23),
(35,2017,4,31102853000,18),
(36,2017,1,72592000000,49),
(36,2017,2,33664295000,23),
(36,2017,4,41544296000,28),
(37,2017,1,4944458000000,33),
(37,2017,2,4609067962000,31),
(37,2017,3,658514812000,4),
(37,2017,4,4850083423000,32),
(39,2017,1,9514000000,100),
(39,2017,4,0,0),
(40,2017,1,5340000000,76),
(40,2017,3,0,0),
(40,2017,4,1725635000,24),
(41,2017,1,4397000000,90),
(41,2017,2,0,0),
(41,2017,4,482681000,10),
(42,2017,1,711780000000,48),
(42,2017,2,189709882000,13),
(42,2017,3,280519222000,19),
(42,2017,4,314131416000,21),
(43,2017,1,24912052000000,18),
(43,2017,2,8805077643000,6),
(43,2017,3,87670259230000,63),
(43,2017,4,17302083960000,12),
(44,2017,1,677806000000,41),
(44,2017,2,330446167000,20),
(44,2017,3,188606270000,11),
(44,2017,4,463918285000,28),
(45,2017,1,3848000000,100),
(45,2017,4,0,0),
(46,2017,1,32925000001,34),
(46,2017,2,51395014000,54),
(46,2017,4,11301910000,12),
(47,2017,1,811000000,48),
(47,2017,4,866278000,52),
(48,2017,1,111736000000,52),
(48,2017,3,1930001,0),
(48,2017,4,102324238000,48),
(49,2017,1,149852000000,43),
(49,2017,2,95209959000,27),
(49,2017,3,15438061000,4),
(49,2017,4,90184577000,26),
(50,2017,1,352395000000,88),
(50,2017,2,41688669000,10),
(50,2017,3,17100000,0),
(50,2017,4,7392261000,2),
(52,2017,1,113001000000,96),
(52,2017,3,93200000,0),
(52,2017,4,4101847000,3),
(53,2017,1,436167000000,25),
(53,2017,2,317036897000,18),
(53,2017,3,660731170000,38),
(53,2017,4,337356726000,19),
(54,2017,1,88594000000,50),
(54,2017,2,81659153000,46),
(54,2017,4,8520479000,5),
(55,2017,1,42730000000,32),
(55,2017,2,0,0),
(55,2017,3,403423000,0),
(55,2017,4,88932277000,67),
(56,2017,1,328061000000,44),
(56,2017,2,123040067000,17),
(56,2017,3,61697244000,8),
(56,2017,4,224526094000,30),
(57,2017,1,12074000000,99),
(57,2017,4,78600000,1),
(58,2017,1,3344000000,85),
(58,2017,4,605649000,15),
(59,2017,1,244686000000,72),
(59,2017,2,42594962000,13),
(59,2017,3,27274289000,8),
(59,2017,4,25907696000,8),
(60,2017,1,509898000000,71),
(60,2017,2,16632534000,2),
(60,2017,3,405747000,0),
(60,2017,4,187748106000,26),
(61,2017,1,1658790000000,41),
(61,2017,2,2133997800000,53),
(61,2017,3,68495537000,2),
(61,2017,4,151073189000,4),
(62,2017,1,90611000000,69),
(62,2017,4,41665983000,31),
(63,2017,1,10726000000,18),
(63,2017,2,44049263000,74),
(63,2017,4,5035886000,8),
(64,2017,1,10417000000,96),
(64,2017,4,453852000,4),
(65,2017,1,59144000000,67),
(65,2017,2,18019655000,21),
(65,2017,3,965934000,1),
(65,2017,4,9655975000,11),
(66,2017,1,10658000000,52),
(66,2017,3,3306036000,16),
(66,2017,4,6475347000,32),
(67,2017,1,184304000000,57),
(67,2017,2,0,0),
(67,2017,3,12429124000,4),
(67,2017,4,126801698000,39),
(68,2017,1,9470000000,82),
(68,2017,4,2036210000,18),
(69,2017,1,0,0),
(69,2017,4,82900000,100),
(70,2017,1,33860000000,87),
(70,2017,3,68700,0),
(70,2017,4,5010136000,13),
(71,2017,1,437312000000,36),
(71,2017,2,85221120000,7),
(71,2017,3,116221258000,9),
(71,2017,4,589097036000,48),
(72,2017,1,3506510000000,34),
(72,2017,2,1639354357000,16),
(72,2017,3,378046203000,4),
(72,2017,4,4717752166000,46),
(73,2017,4,5699060000,36),
(74,2017,1,13631000000,90),
(74,2017,4,1568494000,10),
(75,2017,1,44637000000,65),
(75,2017,2,14826890000,22),
(75,2017,4,8917716000,13),
(76,2017,1,7564000000,100),
(76,2017,4,0,0),
(77,2017,1,62518000001,25),
(77,2017,2,84267913000,34),
(77,2017,3,8091186000,3),
(77,2017,4,91394163000,37),
(78,2017,1,5087403000000,36),
(78,2017,2,3398358444000,24),
(78,2017,3,2943227516000,21),
(78,2017,4,2633550626000,19),
(79,2017,1,175894000000,64),
(79,2017,2,45546413000,17),
(79,2017,3,1128827000,0),
(79,2017,4,51154878000,19),
(80,2017,1,192833000000,100),
(80,2017,4,0,0),
(81,2017,1,631388000000,54),
(81,2017,2,183621559000,16),
(81,2017,3,198637962000,17),
(81,2017,4,148067565000,13),
(82,2017,1,9073000000,72),
(82,2017,3,0,0),
(82,2017,4,3610792000,28),
(83,2017,1,4151000000,96),
(83,2017,4,187852000,4),
(84,2017,4,2010517000,7),
(85,2017,1,27177860000,97),
(85,2017,4,730640000,3),
(86,2017,1,187149000000,59),
(86,2017,3,50805970000,16),
(86,2017,4,78513071000,25),
(87,2017,1,37405000000,78),
(87,2017,4,10741986000,22),
(88,2017,1,4193000000,95),
(88,2017,4,202213000,5),
(89,2017,1,29889000000,99),
(89,2017,4,276867000,1),
(90,2017,1,47667000000,99),
(90,2017,4,496170000,1),
(92,2017,1,120678000000,70),
(92,2017,3,643953000,0),
(92,2017,4,50078098000,29),
(93,2017,1,887408000000,67),
(93,2017,2,124618401000,9),
(93,2017,3,270343778000,20),
(93,2017,4,39717429000,3),
(94,2017,1,339399000000,33),
(94,2017,2,375754042000,36),
(94,2017,3,102615885000,10),
(94,2017,4,224478527000,22),
(95,2017,1,43285000000,20),
(95,2017,3,3414237000,2),
(95,2017,4,174750255000,79),
(96,2017,1,8960232000000,29),
(96,2017,2,2086744340000,7),
(96,2017,3,16623472160000,55),
(96,2017,4,2806340106000,9),
(97,2017,1,3196394000000,45),
(97,2017,2,1629122869000,23),
(97,2017,3,2022823348001,28),
(97,2017,4,310348721000,4),
(98,2017,1,3653650000000,31),
(98,2017,2,7715467662000,67),
(98,2017,3,35349437000,0),
(98,2017,4,194800403000,2),
(99,2017,1,1714195000000,92),
(99,2017,2,97731021000,5),
(99,2017,4,53962765000,3),
(100,2017,1,316597000000,50),
(100,2017,2,196902625000,31),
(100,2017,3,44588983000,7),
(100,2017,4,80521810000,13),
(102,2017,1,489265000000,46),
(102,2017,2,360080738000,34),
(102,2017,3,205466922000,19),
(102,2017,4,0,0),
(103,2017,1,2531080000000,37),
(103,2017,2,2713724416000,40),
(103,2017,3,415628792000,6),
(103,2017,4,1111175100000,16),
(104,2017,1,111698000000,87),
(104,2017,2,7273815000,6),
(104,2017,3,2657166000,2),
(104,2017,4,6501879000,5),
(105,2017,1,7840978000000,40),
(105,2017,2,4792045526000,25),
(105,2017,3,4737816582000,24),
(105,2017,4,2032088709000,10),
(106,2017,1,258396000000,60),
(106,2017,2,154746283000,36),
(106,2017,3,3203518000,1),
(106,2017,4,14722863000,3),
(107,2017,1,640579000000,18),
(107,2017,2,568224071000,16),
(107,2017,3,2272770228000,64),
(107,2017,4,93276791000,3),
(108,2017,1,236840000000,73),
(108,2017,3,10520114000,3),
(108,2017,4,74897687000,23),
(109,2017,1,0,0),
(109,2017,4,46100000,100),
(110,2017,1,782616000000,49),
(110,2017,2,802722765000,50),
(110,2017,3,5670131000,0),
(110,2017,4,0,0),
(111,2017,1,70533000000,29),
(111,2017,2,6944833000,3),
(111,2017,3,39811651000,16),
(111,2017,4,124705830000,52),
(112,2017,1,37820000000,9),
(112,2017,3,269447534000,66),
(112,2017,4,98038223000,24),
(113,2017,1,92043000000,49),
(113,2017,2,44235966000,24),
(113,2017,3,1548231000,1),
(113,2017,4,49688809000,26),
(114,2017,1,369937000000,98),
(114,2017,3,2830591000,1),
(114,2017,4,3019780000,1),
(115,2017,1,9388000000,61),
(115,2017,4,5936212000,39),
(116,2017,1,16601000001,100),
(116,2017,4,0,0),
(117,2017,1,406366000000,71),
(117,2017,2,164532582000,29),
(117,2017,4,1002710000,0),
(119,2017,1,0,0),
(119,2017,2,90813799000,60),
(119,2017,3,6563285000,4),
(119,2017,4,53462421000,35),
(120,2017,1,124615000000,68),
(120,2017,2,30628695000,17),
(120,2017,3,1830960000,1),
(120,2017,4,26370909000,14),
(121,2017,1,29021000000,60),
(121,2017,2,6578150000,14),
(121,2017,4,13083374000,27),
(122,2017,1,37145000000,68),
(122,2017,3,8428315000,16),
(122,2017,4,8791311000,16),
(123,2017,1,11371000000,36),
(123,2017,3,2195191000,7),
(123,2017,4,17822140000,57),
(124,2017,1,1424099000000,41),
(124,2017,2,1132446820000,32),
(124,2017,3,708881110000,20),
(124,2017,4,249770540000,7),
(125,2017,1,24343000000,99),
(125,2017,4,361426000,1),
(126,2017,1,46919000000,78),
(126,2017,4,13621614000,22),
(127,2017,1,113708000000,88),
(127,2017,2,10327464000,8),
(127,2017,3,0,0),
(127,2017,4,4497026000,3),
(129,2017,4,707538000,2),
(130,2017,1,35506000000,90),
(130,2017,2,0,0),
(130,2017,4,3872962000,10),
(131,2017,1,65293000000,72),
(131,2017,3,18704882000,21),
(131,2017,4,6078462000,7),
(133,2017,1,3904164000000,50),
(133,2017,2,2861173018000,36),
(133,2017,3,500531525000,6),
(133,2017,4,602980078000,8),
(135,2017,1,36668000000,29),
(135,2017,2,80799118000,63),
(135,2017,3,4660140000,4),
(135,2017,4,5890359000,5),
(137,2017,1,55260000000,26),
(137,2017,3,151017431000,70),
(137,2017,4,9216289000,4),
(138,2017,1,17026000000,39),
(138,2017,3,12690830000,29),
(138,2017,4,13773913000,32),
(140,2017,1,573760000000,70),
(140,2017,2,46148050000,6),
(140,2017,3,136392753000,17),
(140,2017,4,63132834000,8),
(141,2017,1,86475000000,30),
(141,2017,2,71684386000,25),
(141,2017,3,424447000,0),
(141,2017,4,129375091000,45),
(142,2017,1,233548000000,45),
(142,2017,2,167610422000,32),
(142,2017,3,7702656000,1),
(142,2017,4,109924272000,21),
(143,2017,1,55668000000,70),
(143,2017,2,0,0),
(143,2017,3,64500000,0),
(143,2017,4,24035083000,30),
(145,2017,1,102742000000,64),
(145,2017,3,6466138000,4),
(145,2017,4,52013970000,32),
(146,2017,1,1981217000000,50),
(146,2017,2,1370718255000,35),
(146,2017,3,382986529000,10),
(146,2017,4,203210902000,5),
(147,2017,1,44377000000,57),
(147,2017,3,29999873000,38),
(147,2017,4,4108138000,5),
(148,2017,1,342124000000,38),
(148,2017,2,186247975000,21),
(148,2017,3,48425936000,5),
(148,2017,4,325700231000,36),
(149,2017,1,74026000000,75),
(149,2017,4,24649888000,25),
(150,2017,1,26127000000,76),
(150,2017,3,5611308000,16),
(150,2017,4,2571977000,7),
(151,2017,1,848955000000,55),
(151,2017,2,637926802000,41),
(151,2017,3,2292562000,0),
(151,2017,4,51085402000,3),
(153,2017,1,39314000000,12),
(153,2017,3,181984583000,55),
(153,2017,4,109040050000,33),
(154,2017,1,38102000000,38),
(154,2017,2,7252528000,7),
(154,2017,3,35276125000,35),
(154,2017,4,19375133000,19),
(156,2017,1,436853000000,23),
(156,2017,2,151070647000,8),
(156,2017,3,22312035000,1),
(156,2017,4,1291138873000,68),
(157,2017,1,346485000000,30),
(157,2017,2,791420479000,69),
(157,2017,3,1469952000,0),
(157,2017,4,1375431000,0),
(158,2017,1,1175675000000,37),
(158,2017,2,1379313517000,43),
(158,2017,3,227620763000,7),
(158,2017,4,400832825000,13),
(160,2017,1,360856000000,82),
(160,2017,3,7626676000,2),
(160,2017,4,70826511000,16),
(161,2017,1,82225000000,88),
(161,2017,2,3697481000,4),
(161,2017,4,7578484000,8),
(162,2017,1,121460000000,23),
(162,2017,3,0,0),
(162,2017,4,397226518000,77),
(163,2017,1,498309000000,45),
(163,2017,2,318701110000,28),
(163,2017,3,14170024000,1),
(163,2017,4,287342497000,26),
(164,2017,1,852237000000,47),
(164,2017,2,114843152000,6),
(164,2017,3,651774521000,36),
(164,2017,4,213274315000,12),
(165,2017,1,1306729000000,30),
(165,2017,2,677251786000,16),
(165,2017,3,2295406431000,53),
(165,2017,4,55087269000,1),
(166,2017,1,506657000000,47),
(166,2017,2,237626044000,22),
(166,2017,3,134548872001,12),
(166,2017,4,198288122000,18),
(167,2017,1,194675822000,74),
(167,2017,2,48615198000,18),
(167,2017,3,18258345000,7),
(167,2017,4,2948962000,1),
(168,2017,1,593798000000,27),
(168,2017,2,1564886672000,72),
(168,2017,4,817871000,0),
(169,2017,1,429475000000,30),
(169,2017,2,405022011000,29),
(169,2017,3,217836751000,15),
(169,2017,4,359066406000,25),
(170,2017,1,7288268000000,22),
(170,2017,2,16939406420000,52),
(170,2017,3,4931855771000,15),
(170,2017,4,3673213530000,11),
(171,2017,1,12771000000,81),
(171,2017,2,0,0),
(171,2017,4,3063435000,19),
(172,2017,4,9771585000,21),
(175,2017,1,3122000000,94),
(175,2017,4,195704000,6),
(176,2017,1,6491000000,93),
(176,2017,4,500213000,7),
(178,2017,1,991000000,50),
(178,2017,4,991000000,50),
(179,2017,1,5188000000,91),
(179,2017,4,484659000,9),
(181,2017,1,2151000000,91),
(181,2017,4,215491000,9),
(182,2017,1,6952439000000,63),
(182,2017,2,4040234766000,37),
(182,2017,3,2817599000,0),
(182,2017,4,1965444000,0),
(183,2017,1,109034000000,83),
(183,2017,2,1904892000,1),
(183,2017,3,14431707000,11),
(183,2017,4,5336405000,4),
(184,2017,1,120580000000,19),
(184,2017,2,95585607000,15),
(184,2017,3,318300103000,50),
(184,2017,4,107715004000,17),
(185,2017,1,15644000001,100),
(185,2017,4,0,0),
(186,2017,1,12576000000,94),
(186,2017,4,810542000,6),
(187,2017,1,3119345000000,86),
(187,2017,2,479275080000,13),
(187,2017,3,16092267000,0),
(187,2017,4,15665046000,0),
(189,2017,1,177176000000,24),
(189,2017,2,172521205000,24),
(189,2017,3,130475868000,18),
(189,2017,4,246255843000,34),
(190,2017,1,107285000000,38),
(190,2017,2,32556897000,11),
(190,2017,3,44267081000,16),
(190,2017,4,99803901000,35),
(191,2017,1,4353000000,91),
(191,2017,4,417491000,9),
(192,2017,1,11472000000,95),
(192,2017,2,0,0),
(192,2017,4,628621000,5),
(193,2017,1,1267674000000,22),
(193,2017,2,187573131000,3),
(193,2017,3,3975435715000,70),
(193,2017,4,242275468000,4),
(194,2017,1,5631412000000,44),
(194,2017,2,1877543260000,15),
(194,2017,3,3572272503000,28),
(194,2017,4,1577858102000,12),
(195,2017,1,16190000000,99),
(195,2017,4,217639000,1),
(196,2017,1,2696387000000,47),
(196,2017,2,1199535394000,21),
(196,2017,3,439943777000,8),
(196,2017,4,1390542035000,24),
(197,2017,1,279274000000,73),
(197,2017,3,61457931000,16),
(197,2017,4,42687933000,11),
(198,2017,1,2596000000,100),
(198,2017,4,0,0),
(199,2017,1,46448000000,70),
(199,2017,4,19485937000,30),
(200,2017,1,281858000000,77),
(200,2017,2,0,0),
(200,2017,4,86446194000,23),
(201,2017,1,28939000000,75),
(201,2017,4,9713993000,25),
(202,2017,1,659184000000,30),
(202,2017,2,29586240000,1),
(202,2017,3,70516872000,3),
(202,2017,4,1459423150000,66),
(203,2017,1,458135000000,39),
(203,2017,2,133854838000,11),
(203,2017,3,2448931000,0),
(203,2017,4,577310930000,49),
(204,2017,1,250146000000,63),
(204,2017,2,138618717000,35),
(204,2017,3,357727000,0),
(204,2017,4,5485856000,1),
(205,2017,1,2067724000000,44),
(205,2017,2,876418335000,19),
(205,2017,3,1395784381000,30),
(205,2017,4,332922669000,7),
(206,2017,1,36768000000,16),
(206,2017,2,701531000,0),
(206,2017,3,35735567000,16),
(206,2017,4,152056535000,68),
(207,2017,1,142077000000,49),
(207,2017,2,114646500000,40),
(207,2017,3,8887364000,3),
(207,2017,4,21779707000,8),
(208,2017,1,2659756000000,48),
(208,2017,2,1815811142000,33),
(208,2017,3,682019116000,12),
(208,2017,4,361425308000,7),
(209,2017,1,8615000000,100),
(209,2017,2,0,0),
(209,2017,4,0,0),
(210,2017,1,31053000000,76),
(210,2017,3,3451674000,8),
(210,2017,4,6603410000,16),
(212,2017,1,1807000000,100),
(212,2017,4,0,0),
(213,2017,1,119887000000,13),
(213,2017,2,783814105000,87),
(213,2017,3,127695000,0),
(213,2017,4,0,0),
(214,2017,1,207148000000,51),
(214,2017,2,195267574000,48),
(214,2017,3,94500000,0),
(214,2017,4,5957307000,1),
(215,2017,1,2012806000000,31),
(215,2017,2,1945599089000,30),
(215,2017,3,1657763761000,26),
(215,2017,4,816328927000,13),
(216,2017,1,293851000000,17),
(216,2017,2,1453654385000,83),
(216,2017,4,0,0),
(217,2017,1,4303000000,93),
(217,2017,4,303000000,7),
(219,2017,1,33931448001,100),
(219,2017,4,60400000,0),
(220,2017,1,64088000001,66),
(220,2017,2,0,0),
(220,2017,4,33092787000,34),
(221,2017,1,474101000000,13),
(221,2017,2,1089852395001,30),
(221,2017,3,1071167682000,29),
(221,2017,4,997073230000,27),
(222,2017,1,1833681000000,39),
(222,2017,2,2753954862000,59),
(222,2017,3,72370593000,2),
(222,2017,4,6997779000,0),
(223,2017,1,3233622000000,39),
(223,2017,2,2974818736000,36),
(223,2017,3,377337270000,5),
(223,2017,4,1605071777000,20),
(224,2017,1,37530989000000,38),
(224,2017,2,28055082000000,29),
(224,2017,3,13837465000000,14),
(224,2017,4,18237625460000,19),
(225,2017,1,99112000000,45),
(225,2017,2,2659458000,1),
(225,2017,3,516000,0),
(225,2017,4,117634319000,54),
(226,2017,1,100265000000,6),
(226,2017,2,1546516739000,86),
(226,2017,3,76982379000,4),
(226,2017,4,74490562000,4),
(227,2017,1,2488000000,81),
(227,2017,4,571838000,19),
(228,2017,1,970920000000,39),
(228,2017,2,928975952000,37),
(228,2017,3,4057159001,0),
(228,2017,4,588615837000,24),
(229,2017,1,903215000000,28),
(229,2017,2,295910626000,9),
(229,2017,3,1389320402000,43),
(229,2017,4,654067685000,20),
(231,2017,1,3011000000,100),
(231,2017,4,11000000,0),
(232,2017,1,109820000000,79),
(232,2017,2,18698691000,14),
(232,2017,3,8836036000,6),
(232,2017,4,1142049000,1),
(233,2017,1,62752000000,35),
(233,2017,3,4750680000,3),
(233,2017,4,110475040000,62),
(234,2017,1,50739000000,32),
(234,2017,3,65505135001,41),
(234,2017,4,42209625000,27);
/*!40000 ALTER TABLE `Komposisi_Energi` ENABLE KEYS */;
UNLOCK TABLES;
COMMIT;
SET AUTOCOMMIT=@OLD_AUTOCOMMIT;
/*!50003 SET @saved_cs_client      = @@character_set_client */ ;
/*!50003 SET @saved_cs_results     = @@character_set_results */ ;
/*!50003 SET @saved_col_connection = @@collation_connection */ ;
/*!50003 SET character_set_client  = utf8mb4 */ ;
/*!50003 SET character_set_results = utf8mb4 */ ;
/*!50003 SET collation_connection  = utf8mb4_uca1400_ai_ci */ ;
/*!50003 SET @saved_sql_mode       = @@sql_mode */ ;
/*!50003 SET sql_mode              = 'STRICT_TRANS_TABLES,ERROR_FOR_DIVISION_BY_ZERO,NO_AUTO_CREATE_USER,NO_ENGINE_SUBSTITUTION' */ ;
DELIMITER ;;
/*!50003 CREATE*/ /*!50017 DEFINER=`root`@`localhost`*/ /*!50003 TRIGGER trg_persentase_energi_insert 
BEFORE INSERT ON Komposisi_Energi
FOR EACH ROW
BEGIN
    DECLARE total TINYINT;

    
    SELECT COALESCE(SUM(persentase_konsumsi), 0) INTO total
    FROM Komposisi_Energi
    WHERE id_negara = NEW.id_negara AND tahun = NEW.tahun;

    
    IF (total + NEW.persentase_konsumsi) > 101 THEN
        SIGNAL SQLSTATE '45000' 
        SET MESSAGE_TEXT = 'Error Insert: Total persentase konsumsi energi tidak boleh melebihi 100%'; 
    END IF;
END 
*/;;
DELIMITER ;
/*!50003 SET sql_mode              = @saved_sql_mode */ ;
/*!50003 SET character_set_client  = @saved_cs_client */ ;
/*!50003 SET character_set_results = @saved_cs_results */ ;
/*!50003 SET collation_connection  = @saved_col_connection */ ;
/*!50003 SET @saved_cs_client      = @@character_set_client */ ;
/*!50003 SET @saved_cs_results     = @@character_set_results */ ;
/*!50003 SET @saved_col_connection = @@collation_connection */ ;
/*!50003 SET character_set_client  = utf8mb4 */ ;
/*!50003 SET character_set_results = utf8mb4 */ ;
/*!50003 SET collation_connection  = utf8mb4_uca1400_ai_ci */ ;
/*!50003 SET @saved_sql_mode       = @@sql_mode */ ;
/*!50003 SET sql_mode              = 'STRICT_TRANS_TABLES,ERROR_FOR_DIVISION_BY_ZERO,NO_AUTO_CREATE_USER,NO_ENGINE_SUBSTITUTION' */ ;
DELIMITER ;;
/*!50003 CREATE*/ /*!50017 DEFINER=`root`@`localhost`*/ /*!50003 TRIGGER trg_indikator_before_komposisi_insert
BEFORE INSERT ON Komposisi_Energi
FOR EACH ROW
BEGIN
    DECLARE total INT;
    SELECT COUNT(*) INTO total
    FROM Indikator_Energi
    WHERE id_negara = NEW.id_negara AND tahun = NEW.tahun;
    
    IF total = 0 THEN
        SIGNAL SQLSTATE '45000'
        SET MESSAGE_TEXT = 'Data komposisi energi harus punya data indikator energi terlebih dahulu';
    END IF;
END 
*/;;
DELIMITER ;
/*!50003 SET sql_mode              = @saved_sql_mode */ ;
/*!50003 SET character_set_client  = @saved_cs_client */ ;
/*!50003 SET character_set_results = @saved_cs_results */ ;
/*!50003 SET collation_connection  = @saved_col_connection */ ;
/*!50003 SET @saved_cs_client      = @@character_set_client */ ;
/*!50003 SET @saved_cs_results     = @@character_set_results */ ;
/*!50003 SET @saved_col_connection = @@collation_connection */ ;
/*!50003 SET character_set_client  = utf8mb4 */ ;
/*!50003 SET character_set_results = utf8mb4 */ ;
/*!50003 SET collation_connection  = utf8mb4_uca1400_ai_ci */ ;
/*!50003 SET @saved_sql_mode       = @@sql_mode */ ;
/*!50003 SET sql_mode              = 'STRICT_TRANS_TABLES,ERROR_FOR_DIVISION_BY_ZERO,NO_AUTO_CREATE_USER,NO_ENGINE_SUBSTITUTION' */ ;
DELIMITER ;;
/*!50003 CREATE*/ /*!50017 DEFINER=`root`@`localhost`*/ /*!50003 TRIGGER trg_persentase_energi_update
BEFORE UPDATE ON Komposisi_Energi
FOR EACH ROW
BEGIN
    DECLARE total TINYINT;

    
    SELECT COALESCE(SUM(persentase_konsumsi), 0) INTO total
    FROM Komposisi_Energi
    WHERE id_negara = NEW.id_negara AND tahun = NEW.tahun AND id_jenis != OLD.id_jenis;

    
    IF (total + NEW.persentase_konsumsi) > 101 THEN
        SIGNAL SQLSTATE '45000' 
        SET MESSAGE_TEXT = 'Error Update: Total persentase konsumsi energi tidak boleh melebihi 100%'; 
    END IF;
END 
*/;;
DELIMITER ;
/*!50003 SET sql_mode              = @saved_sql_mode */ ;
/*!50003 SET character_set_client  = @saved_cs_client */ ;
/*!50003 SET character_set_results = @saved_cs_results */ ;
/*!50003 SET collation_connection  = @saved_col_connection */ ;

--
-- Table structure for table `Negara`
--

DROP TABLE IF EXISTS `Negara`;
/*!40101 SET @saved_cs_client     = @@character_set_client */;
/*!40101 SET character_set_client = utf8mb4 */;
CREATE TABLE `Negara` (
  `id_negara` smallint(6) NOT NULL AUTO_INCREMENT,
  `nama_negara` varchar(100) NOT NULL,
  `id_benua` smallint(6) NOT NULL,
  `id_kategori_ekonomi` smallint(6) DEFAULT NULL,
  PRIMARY KEY (`id_negara`),
  UNIQUE KEY `nama_negara` (`nama_negara`),
  KEY `id_benua` (`id_benua`),
  KEY `id_kategori_ekonomi` (`id_kategori_ekonomi`),
  CONSTRAINT `1` FOREIGN KEY (`id_benua`) REFERENCES `Benua` (`id_benua`),
  CONSTRAINT `2` FOREIGN KEY (`id_kategori_ekonomi`) REFERENCES `Kategori_Ekonomi` (`id_kategori_ekonomi`) ON DELETE SET NULL
) ENGINE=InnoDB AUTO_INCREMENT=235 DEFAULT CHARSET=utf8mb4 COLLATE=utf8mb4_uca1400_ai_ci;
/*!40101 SET character_set_client = @saved_cs_client */;

--
-- Dumping data for table `Negara`
--

SET @OLD_AUTOCOMMIT=@@AUTOCOMMIT, @@AUTOCOMMIT=0;
LOCK TABLES `Negara` WRITE;
/*!40000 ALTER TABLE `Negara` DISABLE KEYS */;
INSERT INTO `Negara` VALUES
(1,'Afghanistan',2,NULL),
(2,'Albania',3,NULL),
(3,'Algeria',1,NULL),
(4,'American Samoa',6,NULL),
(5,'Andorra',3,NULL),
(6,'Angola',1,NULL),
(7,'Anguilla',4,NULL),
(8,'Antigua and Barbuda',4,NULL),
(9,'Argentina',4,NULL),
(10,'Armenia',2,NULL),
(11,'Aruba',4,NULL),
(12,'Australia',6,NULL),
(13,'Austria',3,NULL),
(14,'Azerbaijan',2,NULL),
(15,'Bahamas',4,NULL),
(16,'Bahrain',2,NULL),
(17,'Bangladesh',2,NULL),
(18,'Barbados',4,NULL),
(19,'Belarus',3,NULL),
(20,'Belgium',3,NULL),
(21,'Belize',4,NULL),
(22,'Benin',1,NULL),
(23,'Bermuda',5,NULL),
(24,'Bhutan',2,NULL),
(25,'Bolivia',4,NULL),
(26,'Bosnia and Herzegovina',3,NULL),
(27,'Botswana',1,NULL),
(28,'Brazil',4,NULL),
(29,'British Virgin Islands',4,NULL),
(30,'Brunei',2,NULL),
(31,'Bulgaria',3,NULL),
(32,'Burkina Faso',1,NULL),
(33,'Burundi',1,NULL),
(34,'Cabo Verde',1,NULL),
(35,'Cambodia',2,NULL),
(36,'Cameroon',1,NULL),
(37,'Canada',5,NULL),
(38,'Caribbean Netherlands',4,NULL),
(39,'Cayman Islands',4,NULL),
(40,'Central African Republic',1,NULL),
(41,'Chad',1,NULL),
(42,'Chile',4,NULL),
(43,'China',2,NULL),
(44,'Colombia',4,NULL),
(45,'Comoros',1,NULL),
(46,'Congo',1,NULL),
(47,'Cook Islands',6,NULL),
(48,'Costa Rica',4,NULL),
(49,'Croatia',3,NULL),
(50,'Cuba',4,NULL),
(51,'Curaçao',4,NULL),
(52,'Cyprus',2,NULL),
(53,'Czech Republic (Czechia)',3,NULL),
(54,'Côte d\'Ivoire',1,NULL),
(55,'DR Congo',1,NULL),
(56,'Denmark',3,NULL),
(57,'Djibouti',1,NULL),
(58,'Dominica',4,NULL),
(59,'Dominican Republic',4,NULL),
(60,'Ecuador',4,NULL),
(61,'Egypt',1,NULL),
(62,'El Salvador',4,NULL),
(63,'Equatorial Guinea',1,NULL),
(64,'Eritrea',1,NULL),
(65,'Estonia',3,NULL),
(66,'Eswatini',1,NULL),
(67,'Ethiopia',1,NULL),
(68,'Faeroe Islands',3,NULL),
(69,'Falkland Islands',4,NULL),
(70,'Fiji',6,NULL),
(71,'Finland',3,NULL),
(72,'France',3,NULL),
(73,'French Guiana',4,NULL),
(74,'French Polynesia',6,NULL),
(75,'Gabon',1,NULL),
(76,'Gambia',1,NULL),
(77,'Georgia',2,NULL),
(78,'Germany',3,NULL),
(79,'Ghana',1,NULL),
(80,'Gibraltar',3,NULL),
(81,'Greece',3,NULL),
(82,'Greenland',5,NULL),
(83,'Grenada',4,NULL),
(84,'Guadeloupe',4,NULL),
(85,'Guam',6,NULL),
(86,'Guatemala',4,NULL),
(87,'Guinea',1,NULL),
(88,'Guinea-Bissau',1,NULL),
(89,'Guyana',4,NULL),
(90,'Haiti',4,NULL),
(91,'Holy See',3,NULL),
(92,'Honduras',4,NULL),
(93,'Hong Kong',2,NULL),
(94,'Hungary',3,NULL),
(95,'Iceland',3,NULL),
(96,'India',2,NULL),
(97,'Indonesia',2,NULL),
(98,'Iran',2,NULL),
(99,'Iraq',2,NULL),
(100,'Ireland',3,NULL),
(101,'Isle of Man',3,NULL),
(102,'Israel',2,NULL),
(103,'Italy',3,NULL),
(104,'Jamaica',4,NULL),
(105,'Japan',2,NULL),
(106,'Jordan',2,NULL),
(107,'Kazakhstan',2,NULL),
(108,'Kenya',1,NULL),
(109,'Kiribati',6,NULL),
(110,'Kuwait',2,NULL),
(111,'Kyrgyzstan',2,NULL),
(112,'Laos',2,NULL),
(113,'Latvia',3,NULL),
(114,'Lebanon',2,NULL),
(115,'Lesotho',1,NULL),
(116,'Liberia',1,NULL),
(117,'Libya',1,NULL),
(118,'Liechtenstein',3,NULL),
(119,'Lithuania',3,NULL),
(120,'Luxembourg',3,NULL),
(121,'Macao',2,NULL),
(122,'Madagascar',1,NULL),
(123,'Malawi',1,NULL),
(124,'Malaysia',2,NULL),
(125,'Maldives',2,NULL),
(126,'Mali',1,NULL),
(127,'Malta',3,NULL),
(128,'Marshall Islands',6,NULL),
(129,'Martinique',4,NULL),
(130,'Mauritania',1,NULL),
(131,'Mauritius',1,NULL),
(132,'Mayotte',1,NULL),
(133,'Mexico',4,NULL),
(134,'Micronesia',6,NULL),
(135,'Moldova',3,NULL),
(136,'Monaco',3,NULL),
(137,'Mongolia',2,NULL),
(138,'Montenegro',3,NULL),
(139,'Montserrat',4,NULL),
(140,'Morocco',1,NULL),
(141,'Mozambique',1,NULL),
(142,'Myanmar',2,NULL),
(143,'Namibia',1,NULL),
(144,'Nauru',6,NULL),
(145,'Nepal',2,NULL),
(146,'Netherlands',3,NULL),
(147,'New Caledonia',6,NULL),
(148,'New Zealand',6,NULL),
(149,'Nicaragua',4,NULL),
(150,'Niger',1,NULL),
(151,'Nigeria',1,NULL),
(152,'Niue',6,NULL),
(153,'North Korea',2,NULL),
(154,'North Macedonia',3,NULL),
(155,'Northern Mariana Islands',6,NULL),
(156,'Norway',3,NULL),
(157,'Oman',2,NULL),
(158,'Pakistan',2,NULL),
(159,'Palau',6,NULL),
(160,'Panama',4,NULL),
(161,'Papua New Guinea',6,NULL),
(162,'Paraguay',4,NULL),
(163,'Peru',4,NULL),
(164,'Philippines',2,NULL),
(165,'Poland',3,NULL),
(166,'Portugal',3,NULL),
(167,'Puerto Rico',4,NULL),
(168,'Qatar',2,NULL),
(169,'Romania',3,NULL),
(170,'Russia',3,NULL),
(171,'Rwanda',1,NULL),
(172,'Réunion',1,NULL),
(173,'Saint Barthelemy',4,NULL),
(174,'Saint Helena',1,NULL),
(175,'Saint Kitts & Nevis',4,NULL),
(176,'Saint Lucia',4,NULL),
(177,'Saint Martin',4,NULL),
(178,'Saint Pierre & Miquelon',5,NULL),
(179,'Samoa',6,NULL),
(180,'San Marino',3,NULL),
(181,'Sao Tome & Principe',1,NULL),
(182,'Saudi Arabia',2,NULL),
(183,'Senegal',1,NULL),
(184,'Serbia',3,NULL),
(185,'Seychelles',1,NULL),
(186,'Sierra Leone',1,NULL),
(187,'Singapore',2,NULL),
(188,'Sint Maarten',4,NULL),
(189,'Slovakia',3,NULL),
(190,'Slovenia',3,NULL),
(191,'Solomon Islands',6,NULL),
(192,'Somalia',1,NULL),
(193,'South Africa',1,NULL),
(194,'South Korea',2,NULL),
(195,'South Sudan',1,NULL),
(196,'Spain',3,NULL),
(197,'Sri Lanka',2,NULL),
(198,'St. Vincent & Grenadines',4,NULL),
(199,'State of Palestine',2,NULL),
(200,'Sudan',1,NULL),
(201,'Suriname',4,NULL),
(202,'Sweden',3,NULL),
(203,'Switzerland',3,NULL),
(204,'Syria',2,NULL),
(205,'Taiwan',2,NULL),
(206,'Tajikistan',2,NULL),
(207,'Tanzania',1,NULL),
(208,'Thailand',2,NULL),
(209,'Timor-Leste',2,NULL),
(210,'Togo',1,NULL),
(211,'Tokelau',6,NULL),
(212,'Tonga',6,NULL),
(213,'Trinidad and Tobago',4,NULL),
(214,'Tunisia',1,NULL),
(215,'Turkey',2,NULL),
(216,'Turkmenistan',2,NULL),
(217,'Turks and Caicos',4,NULL),
(218,'Tuvalu',6,NULL),
(219,'U.S. Virgin Islands',4,NULL),
(220,'Uganda',1,NULL),
(221,'Ukraine',3,NULL),
(222,'United Arab Emirates',2,NULL),
(223,'United Kingdom',3,NULL),
(224,'United States',5,NULL),
(225,'Uruguay',4,NULL),
(226,'Uzbekistan',2,NULL),
(227,'Vanuatu',6,NULL),
(228,'Venezuela',4,NULL),
(229,'Vietnam',2,NULL),
(230,'Wallis & Futuna',6,NULL),
(231,'Western Sahara',1,NULL),
(232,'Yemen',2,NULL),
(233,'Zambia',1,NULL),
(234,'Zimbabwe',1,NULL);
/*!40000 ALTER TABLE `Negara` ENABLE KEYS */;
UNLOCK TABLES;
COMMIT;
SET AUTOCOMMIT=@OLD_AUTOCOMMIT;

--
-- Table structure for table `Tahun`
--

DROP TABLE IF EXISTS `Tahun`;
/*!40101 SET @saved_cs_client     = @@character_set_client */;
/*!40101 SET character_set_client = utf8mb4 */;
CREATE TABLE `Tahun` (
  `tahun` smallint(6) NOT NULL CHECK (`tahun` between 1900 and 2100),
  PRIMARY KEY (`tahun`)
) ENGINE=InnoDB DEFAULT CHARSET=utf8mb4 COLLATE=utf8mb4_uca1400_ai_ci;
/*!40101 SET character_set_client = @saved_cs_client */;

--
-- Dumping data for table `Tahun`
--

SET @OLD_AUTOCOMMIT=@@AUTOCOMMIT, @@AUTOCOMMIT=0;
LOCK TABLES `Tahun` WRITE;
/*!40000 ALTER TABLE `Tahun` DISABLE KEYS */;
INSERT INTO `Tahun` VALUES
(2017),
(2024);
/*!40000 ALTER TABLE `Tahun` ENABLE KEYS */;
UNLOCK TABLES;
COMMIT;
SET AUTOCOMMIT=@OLD_AUTOCOMMIT;
/*!40103 SET TIME_ZONE=@OLD_TIME_ZONE */;

/*!40101 SET SQL_MODE=@OLD_SQL_MODE */;
/*!40014 SET FOREIGN_KEY_CHECKS=@OLD_FOREIGN_KEY_CHECKS */;
/*!40014 SET UNIQUE_CHECKS=@OLD_UNIQUE_CHECKS */;
/*!40101 SET CHARACTER_SET_CLIENT=@OLD_CHARACTER_SET_CLIENT */;
/*!40101 SET CHARACTER_SET_RESULTS=@OLD_CHARACTER_SET_RESULTS */;
/*!40101 SET COLLATION_CONNECTION=@OLD_COLLATION_CONNECTION */;
/*M!100616 SET NOTE_VERBOSITY=@OLD_NOTE_VERBOSITY */;

-- Dump completed on 2026-07-19 15:33:12